ciclo,carrera,postulaciones,ingresantes,tasa_ingreso,denominador_fiable,pct_rechazados,nota_corte,puntaje_min,puntaje_max,puntaje_mediana
2021,ADMINISTRACION DE EMPRESAS,269,174,64.7,si,35.3,41.8982,46.88,268.04,75.33
2021,ARQUITECTURA,231,183,,no,20.8,41.8982,15.0,260.9,79.12
2021,CIENCIA POLITICA Y GOBIERNO,57,50,,no,12.3,41.8982,45.36,252.6,74.05
2021,COMUNICACION SOCIAL,113,106,,no,6.2,41.8982,46.61,210.0,75.67
2021,CONTABILIDAD,135,80,59.3,si,40.7,41.8982,19.0,229.96,72.88
2021,DERECHO,510,332,65.1,si,34.9,41.8982,12.0,256.84,79.98
2021,EDUCACION INICIAL,31,26,,no,16.1,41.8982,62.12,219.53,72.72
2021,EDUCACION PRIMARIA,9,9,,no,0.0,41.8982,67.39,85.77,72.63
2021,EDUCACION SECUNDARIA,24,19,,no,20.8,41.8982,57.61,190.66,72.24
2021,ENFERMERIA,267,42,15.7,si,84.3,41.8982,12.0,212.88,73.08
2021,FARMACIA Y BIOQUIMICA,112,30,26.8,si,73.2,41.8982,50.62,102.7,71.73
2021,INGENIERIA AGRONOMICA Y AGRICOLA,37,37,,no,0.0,41.8982,52.02,186.78,69.46
2021,INGENIERIA AMBIENTAL,136,105,,no,22.8,41.8982,48.58,247.63,76.07
2021,INGENIERIA BIOTECNOLOGICA,74,25,33.8,si,66.2,41.8982,61.75,108.45,87.53
2021,INGENIERIA CIVIL,267,194,72.7,si,27.3,41.8982,18.0,254.26,79.63
2021,INGENIERIA COMERCIAL,140,124,,no,11.4,41.8982,50.71,245.34,78.75
2021,INGENIERIA DE INDUSTRIA ALIMENTARIA,34,34,,no,0.0,41.8982,45.51,233.9,75.32
2021,INGENIERIA DE MINAS,122,107,,no,12.3,41.8982,44.66,271.96,74.85
2021,INGENIERIA DE SISTEMAS,164,132,,no,19.5,41.8982,51.6,255.91,77.09
2021,INGENIERIA ELECTRONICA,32,32,,no,0.0,41.8982,49.82,259.97,79.47
2021,INGENIERIA INDUSTRIAL,336,290,,no,13.7,41.8982,15.0,271.91,80.65
2021,INGENIERIA MECANICA ELECTRICA,113,107,,no,5.3,41.8982,45.0,261.6,76.07
2021,INGENIERIA MECATRONICA,129,121,,no,6.2,41.8982,46.88,256.88,80.46
2021,MEDICINA HUMANA,2844,89,3.1,si,96.9,41.8982,2.0,276.26,97.42
2021,MEDICINA VETERINARIA Y ZOOTECNIA,201,138,68.7,si,31.3,41.8982,33.0,221.95,76.9
2021,OBSTETRICIA Y PUERICULTURA,102,24,23.5,si,76.5,41.8982,52.67,108.5,72.15
2021,ODONTOLOGIA,168,30,17.9,si,82.1,41.8982,46.7,106.64,80.87
2021,PSICOLOGIA,212,39,18.4,si,81.6,41.8982,12.0,103.72,72.27
2021,PUBLICIDAD Y MULTIMEDIA,210,131,62.4,si,37.6,41.8982,47.44,261.3,78.66
2021,TEOLOGIA,15,13,,no,13.3,,14.0,98.01,24.0
2021,TRABAJO SOCIAL,40,40,,no,0.0,,51.67,85.91,70.85
2021,TURISMO Y HOTELERIA,32,27,,no,15.6,41.8982,57.66,162.98,67.88
2022,ADMINISTRACION DE EMPRESAS,342,322,,no,5.8,25.0,14.0,258.3,77.91
2022,APRESTAMIENTO,21,0,0.0,si,100.0,104.7642,3.9,162.0,69.6
2022,ARQUITECTURA,285,268,,no,6.0,25.0,8.0,251.51,81.88
2022,CIENCIA POLITICA Y GOBIERNO,91,89,,no,2.2,25.0,36.0,219.38,75.56
2022,COMUNICACION SOCIAL,136,135,,no,0.7,25.0,22.0,234.34,75.5
2022,CONTABILIDAD,117,115,,no,1.7,25.0,15.0,198.75,72.23
2022,DERECHO,720,456,63.3,si,36.7,25.0,5.0,255.32,83.92
2022,EDUCACION INICIAL,47,46,,no,2.1,25.0,14.0,187.35,74.99
2022,ENFERMERIA,467,85,18.2,si,81.8,43.519,10.0,221.74,74.8
2022,FARMACIA Y BIOQUIMICA,182,84,46.2,si,53.8,25.0,13.0,239.89,70.57
2022,INGENIERIA AGRONOMICA Y AGRICOLA,78,75,,no,3.8,25.0,20.0,182.53,71.28
2022,INGENIERIA AMBIENTAL,142,140,,no,1.4,25.0,12.0,233.25,77.54
2022,INGENIERIA BIOTECNOLOGICA,56,55,,no,1.8,43.519,71.75,256.27,86.48
2022,INGENIERIA CIVIL,391,341,,no,12.8,25.0,7.0,247.43,80.69
2022,INGENIERIA COMERCIAL,194,190,,no,2.1,25.0,42.0,246.07,83.39
2022,INGENIERIA DE INDUSTRIA ALIMENTARIA,40,40,,no,0.0,25.0,50.0,207.19,74.4
2022,INGENIERIA DE MINAS,148,144,,no,2.7,25.0,10.0,235.76,75.18
2022,INGENIERIA DE SISTEMAS,337,283,,no,16.0,25.0,7.0,246.45,79.1
2022,INGENIERIA ELECTRONICA,39,38,,no,2.6,25.0,15.0,233.79,75.93
2022,INGENIERIA INDUSTRIAL,424,414,,no,2.4,25.0,11.0,241.99,79.59
2022,INGENIERIA MECANICA ELECTRICA,162,152,,no,6.2,25.0,17.0,241.88,79.24
2022,INGENIERIA MECATRONICA,169,164,,no,3.0,25.0,43.0,251.59,81.03
2022,MEDICINA HUMANA,3373,202,6.0,si,94.0,43.519,6.0,281.55,99.08
2022,MEDICINA VETERINARIA Y ZOOTECNIA,393,263,66.9,si,33.1,25.0,8.0,238.91,77.25
2022,OBSTETRICIA Y PUERICULTURA,153,69,45.1,si,54.9,25.0,9.0,233.21,71.62
2022,ODONTOLOGIA,288,127,44.1,si,55.9,25.0,10.0,245.62,78.69
2022,PSICOLOGIA,327,99,30.3,si,69.7,43.519,6.0,234.6,73.53
2022,PUBLICIDAD Y MULTIMEDIA,314,232,73.9,si,26.1,25.0,15.0,255.75,80.67
2022,TRABAJO SOCIAL,36,36,,no,0.0,,,,
2023,ADMINISTRACION DE EMPRESAS,268,207,,no,22.8,44.9378,12.0,251.96,75.51
2023,APRESTAMIENTO,6,0,,si,100.0,108.8637,20.6,160.7,69.2
2023,ARQUITECTURA,303,211,69.6,si,30.4,44.9378,9.0,248.28,79.32
2023,CIENCIA POLITICA Y GOBIERNO,270,192,71.1,si,28.9,44.9378,47.75,210.21,79.04
2023,COMUNICACION SOCIAL,98,86,,no,12.2,44.9378,22.0,245.37,77.1
2023,CONTABILIDAD,599,277,46.2,si,53.8,44.9378,1.0,227.9,73.22
2023,DERECHO,635,350,55.1,si,44.9,44.9378,11.0,265.66,84.76
2023,DISENO GRAFICO PUBLICITARIO,136,89,65.4,si,34.6,,,,
2023,ECONOMIA Y FINANZAS,355,181,51.0,si,49.0,,,,
2023,EDUCACION INICIAL,48,45,,no,6.2,44.9378,17.0,220.7,71.18
2023,EDUCACION SECUNDARIA,128,93,72.7,si,27.3,,,,
2023,ENFERMERIA,658,184,28.0,si,72.0,44.9378,6.0,202.93,76.98
2023,FARMACIA Y BIOQUIMICA,290,165,56.9,si,43.1,44.9378,12.0,143.68,69.77
2023,INGENIERIA AGRONOMICA Y AGRICOLA,304,219,72.0,si,28.0,44.9378,12.0,207.09,70.25
2023,INGENIERIA AMBIENTAL,121,71,58.7,si,41.3,44.9378,12.0,228.15,74.34
2023,INGENIERIA BIOTECNOLOGICA,70,31,44.3,si,55.7,44.9378,17.0,134.14,79.63
2023,INGENIERIA CIVIL,324,210,64.8,si,35.2,44.9378,3.0,253.68,82.24
2023,INGENIERIA COMERCIAL,205,163,,no,20.5,44.9378,10.0,265.44,80.56
2023,INGENIERIA DE INDUSTRIA ALIMENTARIA,109,70,64.2,si,35.8,44.9378,8.0,222.31,74.09
2023,INGENIERIA DE MINAS,188,118,62.8,si,37.2,44.9378,10.0,243.04,76.79
2023,INGENIERIA DE SISTEMAS,312,210,67.3,si,32.7,44.9378,8.0,245.09,80.68
2023,INGENIERIA INDUSTRIAL,409,284,69.4,si,30.6,44.9378,11.0,225.56,80.4
2023,INGENIERIA MECANICA ELECTRICA,146,107,73.3,si,26.7,44.9378,13.0,231.32,78.97
2023,INGENIERIA MECATRONICA,178,114,64.0,si,36.0,44.9378,9.0,264.64,80.61
2023,MARKETING DIGITAL,98,56,57.1,si,42.9,,,,
2023,MARKETING Y GESTION COMERCIAL,128,80,62.5,si,37.5,,,,
2023,MEDICINA HUMANA,3846,103,2.7,si,97.3,44.9378,5.0,263.14,97.48
2023,MEDICINA VETERINARIA Y ZOOTECNIA,403,207,51.4,si,48.6,44.9378,12.0,234.07,78.08
2023,OBSTETRICIA Y PUERICULTURA,171,15,8.8,si,91.2,44.9378,7.0,169.51,70.37
2023,ODONTOLOGIA,270,44,16.3,si,83.7,44.9378,7.4,142.74,74.85
2023,PSICOLOGIA,397,44,11.1,si,88.9,44.9378,11.0,194.42,74.49
2023,PUBLICIDAD Y MULTIMEDIA,309,200,64.7,si,35.3,44.9378,16.0,250.76,81.36
2023,TEOLOGIA,71,55,,no,22.5,,,,
2023,TRABAJO SOCIAL,314,207,65.9,si,34.1,,,,
2023,TURISMO Y GASTRONOMIA,113,52,46.0,si,54.0,,,,
2024,ADMINISTRACION DE EMPRESAS,271,216,,no,20.3,85.525,1.26,238.03,150.34
2024,APRESTAMIENTO,4,0,,si,100.0,85.525,60.5,84.69,66.69
2024,ARQUITECTURA,326,226,69.3,si,30.7,85.525,42.76,274.84,154.08
2024,CIENCIA POLITICA Y GOBIERNO,189,130,68.8,si,31.2,88.6405,15.0,270.0,159.42
2024,COMUNICACION SOCIAL,81,78,,no,3.7,85.525,76.76,269.29,147.35
2024,CONTABILIDAD,379,241,63.6,si,36.4,85.525,63.75,277.5,153.76
2024,DERECHO,661,368,55.7,si,44.3,85.525,3.49,277.79,160.48
2024,DISENO GRAFICO PUBLICITARIO,87,47,54.0,si,46.0,,63.75,258.75,161.25
2024,ECONOMIA Y FINANZAS,218,142,65.1,si,34.9,,67.49,281.25,172.51
2024,EDUCACION INICIAL,64,60,,no,6.2,85.525,76.69,204.01,145.59
2024,EDUCACION SECUNDARIA,112,80,71.4,si,28.6,,60.0,285.01,168.75
2024,ENFERMERIA,706,209,29.6,si,70.4,85.525,2.64,254.52,150.26
2024,FARMACIA Y BIOQUIMICA,317,221,69.7,si,30.3,85.525,1.52,280.32,144.52
2024,INGENIERIA AGRONOMICA Y AGRICOLA,314,216,68.8,si,31.2,85.525,48.77,281.25,146.13
2024,INGENIERIA AMBIENTAL,99,70,70.7,si,29.3,85.525,33.74,253.42,147.96
2024,INGENIERIA BIOTECNOLOGICA,166,148,,no,10.8,85.525,54.02,236.42,165.93
2024,INGENIERIA CIVIL,395,223,56.5,si,43.5,85.525,42.74,282.32,154.5
2024,INGENIERIA COMERCIAL,224,193,,no,13.8,85.525,56.25,250.78,156.81
2024,INGENIERIA DE INDUSTRIA ALIMENTARIA,124,75,60.5,si,39.5,85.525,48.74,251.25,143.34
2024,INGENIERIA DE MINAS,214,123,57.5,si,42.5,85.525,1.87,284.45,149.17
2024,INGENIERIA DE SISTEMAS,346,222,64.2,si,35.8,85.525,29.25,258.28,152.89
2024,"INGENIERIA EN TELECOMUNICACIONES, REDES Y CONECTIVIDAD",21,19,,no,9.5,85.525,78.64,165.85,135.55
2024,INGENIERIA INDUSTRIAL,399,302,,no,24.3,85.525,10.66,268.49,154.43
2024,INGENIERIA MECANICA ELECTRICA,218,187,,no,14.2,85.525,4.89,279.8,150.77
2024,INGENIERIA MECATRONICA,170,132,,no,22.4,85.525,58.11,272.22,157.77
2024,MARKETING DIGITAL,52,30,57.7,si,42.3,,48.75,236.25,161.26
2024,MARKETING Y GESTION COMERCIAL,80,48,60.0,si,40.0,,63.75,240.0,165.02
2024,MEDICINA HUMANA,3990,297,7.4,si,92.6,85.525,1.07,280.79,172.0
2024,MEDICINA VETERINARIA Y ZOOTECNIA,378,217,57.4,si,42.6,85.525,38.24,249.76,142.23
2024,OBSTETRICIA Y PUERICULTURA,335,145,43.3,si,56.7,85.525,0.31,209.41,144.32
2024,ODONTOLOGIA,456,213,46.7,si,53.3,85.525,33.74,271.46,153.87
2024,PSICOLOGIA,598,231,38.6,si,61.4,85.525,43.25,261.23,155.63
2024,PUBLICIDAD Y MULTIMEDIA,244,219,,no,10.2,85.525,33.75,234.95,151.92
2024,TECNOLOGIA MEDICA EN TERAPIA FISICA Y REHABILITACION,205,75,36.6,si,63.4,85.525,1.29,221.69,145.97
2024,TEOLOGIA,45,40,,no,11.1,,30.0,236.27,159.39
2024,TRABAJO SOCIAL,231,170,73.6,si,26.4,,37.51,277.5,161.27
2024,TURISMO Y GASTRONOMIA,88,45,51.1,si,48.9,,71.25,247.5,161.25
2025,ADMINISTRACION DE EMPRESAS,225,215,,no,4.4,72.4089,0.69,253.59,146.24
2025,ADMINISTRACION Y NEGOCIOS INTERNACIONALES,226,89,39.4,si,60.6,,41.25,281.25,171.45
2025,APRESTAMIENTO,4,0,,si,100.0,77.853,37.12,132.39,61.47
2025,ARQUITECTURA,219,199,,no,9.1,72.4089,24.74,290.64,139.48
2025,CIENCIA POLITICA Y GOBIERNO,151,122,,no,19.2,72.4089,48.66,277.5,179.6
2025,COMUNICACION SOCIAL,70,65,,no,7.1,72.4089,58.5,279.52,149.39
2025,CONTABILIDAD,315,224,71.1,si,28.9,72.4089,7.5,281.25,183.75
2025,DERECHO,488,333,68.2,si,31.8,72.4089,0.96,284.09,155.54
2025,DISENO GRAFICO PUBLICITARIO,86,48,55.8,si,44.2,,67.5,281.25,191.25
2025,ECONOMIA Y FINANZAS,156,115,73.7,si,26.3,,60.0,281.25,195.0
2025,EDUCACION INICIAL,43,40,,no,7.0,72.4089,53.35,258.48,146.1
2025,EDUCACION SECUNDARIA,96,65,67.7,si,32.3,,26.25,281.25,180.0
2025,ENFERMERIA,391,181,46.3,si,53.7,72.4089,45.81,265.4,140.63
2025,FARMACIA Y BIOQUIMICA,197,179,,no,9.1,72.4089,44.99,271.03,139.96
2025,INGENIERIA AGRONOMICA Y AGRICOLA,290,190,65.5,si,34.5,,26.25,281.25,141.83
2025,INGENIERIA AMBIENTAL,93,86,,no,7.5,72.4089,55.67,264.9,141.73
2025,INGENIERIA BIOTECNOLOGICA,115,110,,no,4.3,72.4089,75.9,289.97,165.31
2025,INGENIERIA CIVIL,252,216,,no,14.3,72.4089,44.54,269.99,147.21
2025,INGENIERIA COMERCIAL,178,162,,no,9.0,72.4089,32.16,267.49,152.27
2025,INGENIERIA DE INDUSTRIA ALIMENTARIA,75,46,61.3,si,38.7,,3.75,273.75,176.25
2025,INGENIERIA DE MINAS,190,126,66.3,si,33.7,72.4089,36.0,275.33,140.65
2025,INGENIERIA DE SISTEMAS,248,213,,no,14.1,72.4089,31.5,269.38,140.5
2025,INGENIERIA INDUSTRIAL,378,278,73.5,si,26.5,72.4089,38.26,288.4,142.04
2025,INGENIERIA MECANICA ELECTRICA,150,139,,no,7.3,72.4089,49.39,266.37,141.44
2025,INGENIERIA MECATRONICA,164,110,67.1,si,32.9,72.4089,33.75,282.13,146.16
2025,MARKETING DIGITAL,50,34,68.0,si,32.0,,18.75,285.0,213.75
2025,MARKETING Y GESTION COMERCIAL,60,47,,no,21.7,,90.0,288.75,213.75
2025,MEDICINA HUMANA,2769,222,8.0,si,92.0,72.4089,1.11,243.26,149.69
2025,MEDICINA VETERINARIA Y ZOOTECNIA,264,184,69.7,si,30.3,72.4089,47.63,249.08,132.87
2025,OBSTETRICIA Y PUERICULTURA,190,142,74.7,si,25.3,72.4089,44.54,260.63,135.52
2025,ODONTOLOGIA,374,177,47.3,si,52.7,72.4089,45.0,282.64,141.68
2025,PSICOLOGIA,356,220,61.8,si,38.2,72.4089,51.75,259.37,150.34
2025,PUBLICIDAD Y MULTIMEDIA,185,165,,no,10.8,72.4089,47.24,267.44,150.55
2025,TECNOLOGIA MEDICA EN TERAPIA FISICA Y REHABILITACION,173,72,41.6,si,58.4,72.4089,1.78,267.34,140.75
2025,TEOLOGIA,32,27,,no,15.6,,71.25,236.25,153.75
2025,TRABAJO SOCIAL,127,89,70.1,si,29.9,,48.75,273.75,206.25
2025,TURISMO Y GASTRONOMIA,68,47,69.1,si,30.9,,75.0,281.25,187.5
2026,ADMINISTRACION DE EMPRESAS,179,179,,no,0.0,69.7134,83.52,279.98,125.06
2026,ADMINISTRACION Y GESTION PUBLICA,25,25,,no,0.0,,71.24,281.25,266.26
2026,ADMINISTRACION Y MARKETING,20,20,,no,0.0,,112.5,285.01,217.5
2026,ADMINISTRACION Y NEGOCIOS INTERNACIONALES,52,52,,no,0.0,,90.0,285.01,221.25
2026,ARQUITECTURA,183,174,,no,4.9,69.7134,88.88,268.31,123.67
2026,CIENCIA POLITICA Y GOBIERNO,83,81,,no,2.4,69.7134,84.7,288.33,161.25
2026,COMUNICACION SOCIAL,59,55,,no,6.8,69.7134,75.93,278.02,139.69
2026,CONTABILIDAD,111,111,,no,0.0,69.7134,68.99,285.01,171.07
2026,DERECHO,376,365,,no,2.9,69.7134,77.99,285.75,145.29
2026,DISENO GRAFICO PUBLICITARIO,18,18,,no,0.0,,82.5,285.0,264.38
2026,ECONOMIA Y FINANZAS,34,34,,no,0.0,,108.74,285.0,266.25
2026,EDUCACION INICIAL,69,69,,no,0.0,69.7134,78.07,281.25,127.5
2026,EDUCACION PRIMARIA,15,15,,no,0.0,,75.2,273.76,251.25
2026,EDUCACION SECUNDARIA,31,30,,no,3.2,,51.0,285.0,218.42
2026,ENFERMERIA,189,180,,no,4.8,69.7134,78.01,286.79,134.95
2026,FARMACIA Y BIOQUIMICA,148,147,,no,0.7,69.7134,83.38,296.51,122.72
2026,INGENIERIA AGRONOMICA Y AGRICOLA,126,125,,no,0.8,,65.99,273.76,149.97
2026,INGENIERIA AMBIENTAL,79,79,,no,0.0,69.7134,88.91,271.93,119.49
2026,INGENIERIA BIOMEDICA,91,91,,no,0.0,69.7134,72.23,274.4,144.02
2026,INGENIERIA BIOTECNOLOGICA,114,112,,no,1.8,69.7134,100.33,289.02,151.77
2026,INGENIERIA CIVIL,234,224,,no,4.3,69.7134,70.4,283.9,130.06
2026,INGENIERIA COMERCIAL,188,185,,no,1.6,69.7134,71.7,288.49,134.91
2026,INGENIERIA DE INDUSTRIA ALIMENTARIA,21,21,,no,0.0,,97.5,273.75,176.25
2026,INGENIERIA DE MINAS,163,154,,no,5.5,69.7134,80.56,282.43,132.64
2026,INGENIERIA DE SEGURIDAD INDUSTRIAL Y MINERA,120,120,,no,0.0,,72.0,292.5,270.0
2026,INGENIERIA DE SISTEMAS,230,218,,no,5.2,69.7134,73.09,283.69,126.58
2026,INGENIERIA EN INTELIGENCIA ARTIFICIAL,56,56,,no,0.0,69.7134,84.0,263.11,127.25
2026,INGENIERIA INDUSTRIAL,326,320,,no,1.8,69.7134,82.41,286.81,131.36
2026,INGENIERIA MECANICA ELECTRICA,151,150,,no,0.7,69.7134,75.99,279.28,130.58
2026,INGENIERIA MECATRONICA,109,103,,no,5.5,69.7134,90.4,279.69,144.67
2026,MEDICINA HUMANA,599,196,32.7,si,67.3,69.7134,35.99,242.5,126.0
2026,MEDICINA VETERINARIA Y ZOOTECNIA,185,185,,no,0.0,69.7134,77.44,269.11,125.52
2026,OBSTETRICIA Y PUERICULTURA,133,133,,no,0.0,69.7134,78.43,276.58,120.67
2026,ODONTOLOGIA,180,178,,no,1.1,69.7134,83.99,285.8,133.67
2026,PSICOLOGIA,198,197,,no,0.5,69.7134,72.64,293.27,143.21
2026,PUBLICIDAD Y MULTIMEDIA,140,140,,no,0.0,69.7134,92.99,280.36,132.46
2026,TECNOLOGIA MEDICA EN TERAPIA FISICA Y REHABILITACION,71,67,,no,5.6,69.7134,84.02,268.81,131.22
2026,TEOLOGIA,23,23,,no,0.0,,48.73,277.5,153.75
2026,TRABAJO SOCIAL,66,65,,no,1.5,,41.25,281.25,217.5
2026,TURISMO Y GASTRONOMIA,18,18,,no,0.0,,78.75,285.0,229.29
2027,ADMINISTRACION DE EMPRESAS,74,74,,no,0.0,68.4402,81.0,267.22,129.27
2027,ARQUITECTURA,57,57,,no,0.0,68.4402,92.22,269.36,124.38
2027,CIENCIA POLITICA Y GOBIERNO,19,19,,no,0.0,68.4402,113.6,282.38,168.42
2027,COMUNICACION SOCIAL,20,20,,no,0.0,68.4402,100.8,279.77,137.92
2027,CONTABILIDAD,13,13,,no,0.0,68.4402,98.99,266.38,138.03
2027,DERECHO,188,188,,no,0.0,68.4402,99.94,289.04,143.9
2027,EDUCACION INICIAL,19,19,,no,0.0,68.4402,96.19,264.55,126.09
2027,ENFERMERIA,98,98,,no,0.0,68.4402,99.7,278.41,129.23
2027,FARMACIA Y BIOQUIMICA,45,45,,no,0.0,68.4402,78.0,280.12,122.66
2027,INGENIERIA AMBIENTAL,13,13,,no,0.0,68.4402,94.82,265.35,124.76
2027,INGENIERIA BIOMEDICA,29,29,,no,0.0,68.4402,78.15,291.61,128.84
2027,INGENIERIA BIOTECNOLOGICA,39,39,,no,0.0,68.4402,86.74,279.03,132.5
2027,INGENIERIA CIVIL,80,80,,no,0.0,68.4402,77.36,278.11,131.56
2027,INGENIERIA COMERCIAL,70,70,,no,0.0,68.4402,82.43,271.88,137.55
2027,INGENIERIA DE MINAS,93,93,,no,0.0,68.4402,88.3,278.54,126.26
2027,INGENIERIA DE SISTEMAS,100,100,,no,0.0,68.4402,86.83,276.0,127.28
2027,INGENIERIA EN INTELIGENCIA ARTIFICIAL,20,20,,no,0.0,68.4402,92.28,269.86,131.87
2027,INGENIERIA INDUSTRIAL,143,143,,no,0.0,68.4402,86.71,283.26,126.37
2027,INGENIERIA MECANICA ELECTRICA,70,70,,no,0.0,68.4402,78.0,279.91,117.95
2027,INGENIERIA MECATRONICA,56,56,,no,0.0,68.4402,100.2,261.07,133.33
2027,MEDICINA HUMANA,89,89,,no,0.0,68.4402,152.62,258.0,177.19
2027,MEDICINA VETERINARIA Y ZOOTECNIA,69,69,,no,0.0,68.4402,108.74,294.51,127.4
2027,OBSTETRICIA Y PUERICULTURA,48,48,,no,0.0,68.4402,92.56,257.7,117.66
2027,ODONTOLOGIA,76,76,,no,0.0,68.4402,104.7,276.92,137.52
2027,PSICOLOGIA,92,92,,no,0.0,68.4402,80.23,284.79,136.6
2027,PUBLICIDAD Y MULTIMEDIA,48,48,,no,0.0,68.4402,78.81,261.18,133.56
2027,TECNOLOGIA MEDICA EN TERAPIA FISICA Y REHABILITACION,29,29,,no,0.0,68.4402,107.98,254.03,136.29
