ciclo,carrera,no_ingresantes,a_menos_de_un_punto,porcentaje
2021,ADMINISTRACION DE EMPRESAS,69,68,98.6
2021,ARQUITECTURA,48,41,85.4
2021,CIENCIA POLITICA Y GOBIERNO,7,7,100.0
2021,COMUNICACION SOCIAL TRASLADO INTERNO II,7,7,100.0
2021,CONTABILIDAD,53,52,98.1
2021,DERECHO TRASLADO INTERNO II,108,101,93.5
2021,EDUCACION INICIAL,5,5,100.0
2021,EDUCACION SECUNDARIA,5,5,100.0
2021,ENFERMERIA,177,175,98.9
2021,FARMACIA Y BIOQUIMICA,48,46,95.8
2021,INGENIERIA AMBIENTAL TRASLADO INTERNO II,31,29,93.5
2021,INGENIERIA BIOTECNOLOGICA,45,45,100.0
2021,INGENIERIA CIVIL TRASLADO INTERNO II,70,69,98.6
2021,INGENIERIA COMERCIAL,15,13,86.7
2021,INGENIERIA DE MINAS,15,15,100.0
2021,INGENIERIA DE SISTEMAS,31,30,96.8
2021,INGENIERIA INDUSTRIAL TRASLADO INTERNO II,28,27,96.4
2021,INGENIERIA MECANICA ELECTRICA,6,6,100.0
2021,INGENIERIA MECATRONICA,8,8,100.0
2021,MEDICINA HUMANA TRASLADO INTERNO II,913,869,95.2
2021,MEDICINA VETERINARIA Y ZOOTECNIA,61,59,96.7
2021,OBSTETRICIA Y PUERICULTURA,39,39,100.0
2021,ODONTOLOGIA,73,73,100.0
2021,PSICOLOGIA TRASLADO INTERNO II,84,79,94.0
2021,PUBLICIDAD Y MULTIMEDIA TRASLADO EXTERNO NACIONAL II,79,78,98.7
2021,TURISMO Y HOTELERIA,5,5,100.0
2022,ADMINISTRACION DE EMPRESAS,15,12,80.0
2022,APRESTAMIENTO,21,4,19.0
2022,ARQUITECTURA,13,11,84.6
2022,CIENCIA POLITICA Y GOBIERNO,1,0,0.0
2022,CONTABILIDAD,1,0,0.0
2022,DERECHO TRASLADO INTERNO II,121,84,69.4
2022,ENFERMERIA,163,130,79.8
2022,FARMACIA Y BIOQUIMICA,77,74,96.1
2022,INGENIERIA AGRONOMICA Y AGRICOLA,3,0,0.0
2022,INGENIERIA AMBIENTAL TRASLADO INTERNO II,1,0,0.0
2022,INGENIERIA BIOTECNOLOGICA,1,0,0.0
2022,INGENIERIA CIVIL TRASLADO INTERNO II,39,37,94.9
2022,INGENIERIA COMERCIAL,4,1,25.0
2022,INGENIERIA DE MINAS,3,0,0.0
2022,INGENIERIA DE SISTEMAS,52,46,88.5
2022,INGENIERIA ELECTRONICA,1,0,0.0
2022,INGENIERIA INDUSTRIAL TRASLADO INTERNO II,6,4,66.7
2022,INGENIERIA MECANICA ELECTRICA,9,6,66.7
2022,INGENIERIA MECATRONICA,1,0,0.0
2022,MEDICINA HUMANA TRASLADO INTERNO II,1045,917,87.8
2022,MEDICINA VETERINARIA Y ZOOTECNIA,47,36,76.6
2022,OBSTETRICIA Y PUERICULTURA,58,52,89.7
2022,ODONTOLOGIA,118,102,86.4
2022,PSICOLOGIA TRASLADO INTERNO II,101,83,82.2
2022,PUBLICIDAD Y MULTIMEDIA TRASLADO EXTERNO NACIONAL II,66,63,95.5
2023,ADMINISTRACION DE EMPRESAS,46,39,84.8
2023,APRESTAMIENTO,6,2,33.3
2023,ARQUITECTURA,86,79,91.9
2023,CIENCIA POLITICA Y GOBIERNO,5,4,80.0
2023,COMUNICACION SOCIAL TRASLADO INTERNO II,10,6,60.0
2023,CONTABILIDAD,12,10,83.3
2023,DERECHO TRASLADO INTERNO II,127,99,78.0
2023,EDUCACION INICIAL,2,1,50.0
2023,ENFERMERIA,98,75,76.5
2023,FARMACIA Y BIOQUIMICA,80,70,87.5
2023,INGENIERIA AGRONOMICA Y AGRICOLA,7,7,100.0
2023,INGENIERIA AMBIENTAL TRASLADO INTERNO II,43,37,86.0
2023,INGENIERIA BIOTECNOLOGICA,15,13,86.7
2023,INGENIERIA CIVIL TRASLADO INTERNO II,86,68,79.1
2023,INGENIERIA COMERCIAL,42,35,83.3
2023,INGENIERIA DE INDUSTRIA ALIMENTARIA,1,0,0.0
2023,INGENIERIA DE MINAS,61,52,85.2
2023,INGENIERIA DE SISTEMAS,101,85,84.2
2023,INGENIERIA INDUSTRIAL TRASLADO INTERNO II,79,61,77.2
2023,INGENIERIA MECANICA ELECTRICA,39,32,82.1
2023,INGENIERIA MECATRONICA,59,52,88.1
2023,MEDICINA HUMANA TRASLADO INTERNO II,899,754,83.9
2023,MEDICINA VETERINARIA Y ZOOTECNIA,126,110,87.3
2023,OBSTETRICIA Y PUERICULTURA,82,71,86.6
2023,ODONTOLOGIA,166,146,88.0
2023,PSICOLOGIA TRASLADO INTERNO II,212,173,81.6
2023,PUBLICIDAD Y MULTIMEDIA TRASLADO EXTERNO NACIONAL II,105,90,85.7
2024,ADMINISTRACION DE EMPRESAS,51,43,84.3
2024,APRESTAMIENTO,4,1,25.0
2024,ARQUITECTURA,100,81,81.0
2024,CIENCIA POLITICA Y GOBIERNO,3,0,0.0
2024,COMUNICACION SOCIAL TRASLADO INTERNO II,3,1,33.3
2024,CONTABILIDAD,2,0,0.0
2024,DERECHO TRASLADO INTERNO II,150,125,83.3
2024,EDUCACION INICIAL,4,0,0.0
2024,ENFERMERIA,184,148,80.4
2024,FARMACIA Y BIOQUIMICA,71,55,77.5
2024,INGENIERIA AGRONOMICA Y AGRICOLA,1,1,100.0
2024,INGENIERIA AMBIENTAL TRASLADO INTERNO II,29,23,79.3
2024,INGENIERIA BIOTECNOLOGICA,15,10,66.7
2024,INGENIERIA CIVIL TRASLADO INTERNO II,169,145,85.8
2024,INGENIERIA COMERCIAL,31,26,83.9
2024,INGENIERIA DE INDUSTRIA ALIMENTARIA,3,2,66.7
2024,INGENIERIA DE MINAS,91,76,83.5
2024,INGENIERIA DE SISTEMAS,124,106,85.5
2024,INGENIERIA INDUSTRIAL TRASLADO INTERNO II,50,39,78.0
2024,INGENIERIA MECANICA ELECTRICA,31,23,74.2
2024,INGENIERIA MECATRONICA,34,29,85.3
2024,MEDICINA HUMANA TRASLADO INTERNO II,260,158,60.8
2024,MEDICINA VETERINARIA Y ZOOTECNIA,113,96,85.0
2024,OBSTETRICIA Y PUERICULTURA,152,129,84.9
2024,ODONTOLOGIA,204,193,94.6
2024,PSICOLOGIA TRASLADO INTERNO II,187,161,86.1
2024,PUBLICIDAD Y MULTIMEDIA TRASLADO EXTERNO NACIONAL II,25,12,48.0
2024,TECNOLOGIA MEDICA EN TERAPIA FISICA Y REHABILITACION,30,25,83.3
2025,ADMINISTRACION DE EMPRESAS,10,5,50.0
2025,APRESTAMIENTO,4,2,50.0
2025,ARQUITECTURA,20,14,70.0
2025,CIENCIA POLITICA Y GOBIERNO,3,1,33.3
2025,COMUNICACION SOCIAL TRASLADO INTERNO II,5,2,40.0
2025,CONTABILIDAD,2,0,0.0
2025,DERECHO TRASLADO INTERNO II,122,110,90.2
2025,EDUCACION INICIAL,3,2,66.7
2025,ENFERMERIA,62,51,82.3
2025,FARMACIA Y BIOQUIMICA,17,12,70.6
2025,INGENIERIA AMBIENTAL TRASLADO INTERNO II,5,2,40.0
2025,INGENIERIA BIOTECNOLOGICA,2,1,50.0
2025,INGENIERIA CIVIL TRASLADO INTERNO II,32,23,71.9
2025,INGENIERIA COMERCIAL,16,14,87.5
2025,INGENIERIA DE MINAS,64,58,90.6
2025,INGENIERIA DE SISTEMAS,35,28,80.0
2025,INGENIERIA INDUSTRIAL TRASLADO INTERNO II,78,66,84.6
2025,INGENIERIA MECANICA ELECTRICA,11,3,27.3
2025,INGENIERIA MECATRONICA,48,45,93.8
2025,MEDICINA HUMANA TRASLADO INTERNO II,195,165,84.6
2025,MEDICINA VETERINARIA Y ZOOTECNIA,80,70,87.5
2025,OBSTETRICIA Y PUERICULTURA,48,39,81.2
2025,ODONTOLOGIA,187,177,94.7
2025,PSICOLOGIA TRASLADO INTERNO II,101,89,88.1
2025,PUBLICIDAD Y MULTIMEDIA TRASLADO EXTERNO NACIONAL II,20,9,45.0
2025,TECNOLOGIA MEDICA EN TERAPIA FISICA Y REHABILITACION,94,89,94.7
