ciclo,carrera,modalidad,postulaciones,ingresantes,tasa_ingreso,denominador_fiable,nota_corte,puntaje_mediana
2021,ADMINISTRACION DE EMPRESAS,beca,37,8,21.6,si,77.53,67.57
2021,ADMINISTRACION DE EMPRESAS,extraordinario,8,8,,no,74.13,83.52
2021,ADMINISTRACION DE EMPRESAS,ordinario,187,121,64.7,si,50.71,73.18
2021,ADMINISTRACION DE EMPRESAS,precatolica,32,32,,no,106.19,176.02
2021,ADMINISTRACION DE EMPRESAS,rendimiento_superior,1,1,,no,92.9,92.9
2021,ADMINISTRACION DE EMPRESAS,traslado,4,4,,no,71.27,77.73
2021,ARQUITECTURA,beca,19,13,68.4,si,74.53,75.61
2021,ARQUITECTURA,convenio_cci,2,2,,no,63.46,66.76
2021,ARQUITECTURA,extraordinario,8,8,,no,68.74,90.31
2021,ARQUITECTURA,ordinario,138,96,69.6,si,64.31,76.4
2021,ARQUITECTURA,precatolica,55,55,,no,107.81,197.0
2021,ARQUITECTURA,rendimiento_superior,7,7,,no,82.74,88.29
2021,ARQUITECTURA,traslado,2,2,,no,75.28,75.28
2021,CIENCIA POLITICA Y GOBIERNO,beca,2,2,,no,80.56,82.76
2021,CIENCIA POLITICA Y GOBIERNO,ordinario,44,37,,no,45.36,70.92
2021,CIENCIA POLITICA Y GOBIERNO,precatolica,8,8,,no,143.56,186.45
2021,CIENCIA POLITICA Y GOBIERNO,rendimiento_superior,3,3,,no,94.36,104.59
2021,COMUNICACION SOCIAL TRASLADO INTERNO II,beca,2,2,,no,77.31,81.08
2021,COMUNICACION SOCIAL TRASLADO INTERNO II,extraordinario,4,4,,no,79.75,87.93
2021,COMUNICACION SOCIAL TRASLADO INTERNO II,ordinario,82,75,,no,46.61,73.21
2021,COMUNICACION SOCIAL TRASLADO INTERNO II,precatolica,14,14,,no,151.9,178.58
2021,COMUNICACION SOCIAL TRASLADO INTERNO II,rendimiento_superior,7,7,,no,84.0,93.84
2021,COMUNICACION SOCIAL TRASLADO INTERNO II,traslado,4,4,,no,53.32,56.08
2021,CONTABILIDAD,beca,26,8,30.8,si,68.13,64.24
2021,CONTABILIDAD,extraordinario,7,5,,si,76.84,82.5
2021,CONTABILIDAD,ordinario,81,46,56.8,si,58.21,71.99
2021,CONTABILIDAD,precatolica,14,14,,no,143.86,185.32
2021,CONTABILIDAD,rendimiento_superior,1,1,,no,91.8,91.8
2021,CONTABILIDAD,traslado,6,6,,no,63.44,65.83
2021,DERECHO TRASLADO INTERNO II,beca,45,8,17.8,si,85.88,72.93
2021,DERECHO TRASLADO INTERNO II,convenio_cci,2,2,,no,68.31,71.71
2021,DERECHO TRASLADO INTERNO II,extraordinario,17,13,,no,71.74,86.24
2021,DERECHO TRASLADO INTERNO II,ordinario,310,173,55.8,si,67.17,75.71
2021,DERECHO TRASLADO INTERNO II,precatolica,112,112,,no,105.61,198.16
2021,DERECHO TRASLADO INTERNO II,rendimiento_superior,14,14,,no,80.96,91.45
2021,DERECHO TRASLADO INTERNO II,traslado,10,10,,no,71.67,74.46
2021,EDUCACION INICIAL,beca,6,5,,no,65.31,76.26
2021,EDUCACION INICIAL,ordinario,18,14,,no,63.24,71.29
2021,EDUCACION INICIAL,precatolica,7,7,,no,111.18,191.69
2021,EDUCACION PRIMARIA,beca,3,3,,no,72.12,72.63
2021,EDUCACION PRIMARIA,ordinario,6,6,,no,67.39,71.78
2021,EDUCACION SECUNDARIA,beca,10,5,,si,67.5,66.48
2021,EDUCACION SECUNDARIA,extraordinario,1,1,,no,80.88,80.88
2021,EDUCACION SECUNDARIA,ordinario,11,11,,no,59.4,72.42
2021,EDUCACION SECUNDARIA,precatolica,2,2,,no,183.68,187.17
2021,ENFERMERIA,beca,23,5,21.7,si,82.12,70.06
2021,ENFERMERIA,convenio_cci,2,2,,no,70.62,71.29
2021,ENFERMERIA,extraordinario,26,19,73.1,si,64.25,77.54
2021,ENFERMERIA,ordinario,181,0,0.0,si,,71.86
2021,ENFERMERIA,precatolica,19,0,0.0,si,,174.56
2021,ENFERMERIA,rendimiento_superior,2,2,,no,90.67,92.31
2021,ENFERMERIA,traslado,14,14,,no,64.06,72.0
2021,FARMACIA Y BIOQUIMICA,beca,4,4,,no,75.17,78.33
2021,FARMACIA Y BIOQUIMICA,extraordinario,17,17,,no,58.41,75.46
2021,FARMACIA Y BIOQUIMICA,ordinario,82,0,0.0,si,,70.0
2021,FARMACIA Y BIOQUIMICA,rendimiento_superior,3,3,,no,84.12,91.31
2021,FARMACIA Y BIOQUIMICA,traslado,6,6,,no,64.06,81.1
2021,INGENIERIA AGRONOMICA Y AGRICOLA,beca,6,6,,no,58.85,64.73
2021,INGENIERIA AGRONOMICA Y AGRICOLA,extraordinario,2,2,,no,85.79,92.24
2021,INGENIERIA AGRONOMICA Y AGRICOLA,ordinario,20,20,,no,52.02,69.14
2021,INGENIERIA AGRONOMICA Y AGRICOLA,precatolica,3,3,,no,180.35,182.8
2021,INGENIERIA AGRONOMICA Y AGRICOLA,traslado,6,6,,no,58.71,62.61
2021,INGENIERIA AMBIENTAL TRASLADO INTERNO II,beca,23,14,60.9,si,66.86,75.12
2021,INGENIERIA AMBIENTAL TRASLADO INTERNO II,extraordinario,5,5,,no,68.37,84.62
2021,INGENIERIA AMBIENTAL TRASLADO INTERNO II,ordinario,91,69,,no,48.58,73.68
2021,INGENIERIA AMBIENTAL TRASLADO INTERNO II,precatolica,12,12,,no,160.92,213.8
2021,INGENIERIA AMBIENTAL TRASLADO INTERNO II,rendimiento_superior,3,3,,no,61.91,85.62
2021,INGENIERIA AMBIENTAL TRASLADO INTERNO II,traslado,2,2,,no,55.45,55.45
2021,INGENIERIA BIOTECNOLOGICA,beca,4,4,,no,76.09,82.66
2021,INGENIERIA BIOTECNOLOGICA,extraordinario,15,11,73.3,si,62.29,97.14
2021,INGENIERIA BIOTECNOLOGICA,ordinario,45,0,0.0,si,,84.32
2021,INGENIERIA BIOTECNOLOGICA,rendimiento_superior,8,8,,no,65.51,95.21
2021,INGENIERIA BIOTECNOLOGICA,traslado,2,2,,no,101.02,101.02
2021,INGENIERIA CIVIL TRASLADO INTERNO II,beca,45,16,35.6,si,76.25,71.63
2021,INGENIERIA CIVIL TRASLADO INTERNO II,convenio_cci,1,1,,no,61.82,61.82
2021,INGENIERIA CIVIL TRASLADO INTERNO II,extraordinario,19,16,,no,50.94,85.96
2021,INGENIERIA CIVIL TRASLADO INTERNO II,ordinario,146,105,71.9,si,60.53,77.45
2021,INGENIERIA CIVIL TRASLADO INTERNO II,precatolica,40,40,,no,148.36,201.47
2021,INGENIERIA CIVIL TRASLADO INTERNO II,rendimiento_superior,12,12,,no,90.38,98.54
2021,INGENIERIA CIVIL TRASLADO INTERNO II,traslado,4,4,,no,50.42,63.92
2021,INGENIERIA COMERCIAL,beca,3,3,,no,80.22,87.78
2021,INGENIERIA COMERCIAL,extraordinario,7,6,,no,73.86,86.03
2021,INGENIERIA COMERCIAL,ordinario,100,85,,no,50.71,75.24
2021,INGENIERIA COMERCIAL,precatolica,24,24,,no,114.18,203.3
2021,INGENIERIA COMERCIAL,rendimiento_superior,6,6,,no,52.5,95.97
2021,INGENIERIA DE INDUSTRIA ALIMENTARIA,beca,4,4,,no,57.76,61.86
2021,INGENIERIA DE INDUSTRIA ALIMENTARIA,extraordinario,3,3,,no,81.63,81.76
2021,INGENIERIA DE INDUSTRIA ALIMENTARIA,ordinario,19,19,,no,45.51,73.64
2021,INGENIERIA DE INDUSTRIA ALIMENTARIA,precatolica,8,8,,no,118.62,193.88
2021,INGENIERIA DE MINAS,beca,9,9,,no,56.59,69.06
2021,INGENIERIA DE MINAS,extraordinario,3,3,,no,86.11,88.44
2021,INGENIERIA DE MINAS,ordinario,82,67,,no,45.68,71.13
2021,INGENIERIA DE MINAS,precatolica,19,19,,no,125.62,190.77
2021,INGENIERIA DE MINAS,rendimiento_superior,7,7,,no,71.9,97.95
2021,INGENIERIA DE MINAS,traslado,2,2,,no,86.06,86.06
2021,INGENIERIA DE SISTEMAS,beca,18,10,55.6,si,66.25,69.06
2021,INGENIERIA DE SISTEMAS,extraordinario,9,8,,no,67.5,79.95
2021,INGENIERIA DE SISTEMAS,ordinario,105,82,,no,51.6,75.06
2021,INGENIERIA DE SISTEMAS,precatolica,28,28,,no,123.0,198.66
2021,INGENIERIA DE SISTEMAS,rendimiento_superior,4,4,,no,82.12,86.93
2021,INGENIERIA ELECTRONICA,beca,2,2,,no,66.25,73.38
2021,INGENIERIA ELECTRONICA,ordinario,17,17,,no,49.82,73.25
2021,INGENIERIA ELECTRONICA,precatolica,11,11,,no,106.88,209.36
2021,INGENIERIA ELECTRONICA,rendimiento_superior,2,2,,no,87.67,89.37
2021,INGENIERIA INDUSTRIAL TRASLADO INTERNO II,beca,7,7,,no,57.98,64.88
2021,INGENIERIA INDUSTRIAL TRASLADO INTERNO II,convenio_cci,3,3,,no,68.01,68.36
2021,INGENIERIA INDUSTRIAL TRASLADO INTERNO II,extraordinario,15,15,,no,62.43,87.39
2021,INGENIERIA INDUSTRIAL TRASLADO INTERNO II,ordinario,223,177,,no,59.68,77.18
2021,INGENIERIA INDUSTRIAL TRASLADO INTERNO II,precatolica,68,68,,no,113.66,203.42
2021,INGENIERIA INDUSTRIAL TRASLADO INTERNO II,rendimiento_superior,16,16,,no,64.12,101.19
2021,INGENIERIA INDUSTRIAL TRASLADO INTERNO II,traslado,4,4,,no,79.37,83.62
2021,INGENIERIA MECANICA ELECTRICA,beca,7,7,,no,49.43,65.78
2021,INGENIERIA MECANICA ELECTRICA,extraordinario,6,6,,no,76.71,88.18
2021,INGENIERIA MECANICA ELECTRICA,ordinario,74,68,,no,45.0,73.11
2021,INGENIERIA MECANICA ELECTRICA,precatolica,14,14,,no,150.66,208.17
2021,INGENIERIA MECANICA ELECTRICA,rendimiento_superior,4,4,,no,65.29,86.44
2021,INGENIERIA MECANICA ELECTRICA,traslado,8,8,,no,67.69,73.1
2021,INGENIERIA MECATRONICA,beca,9,9,,no,61.79,72.72
2021,INGENIERIA MECATRONICA,extraordinario,7,7,,no,56.73,92.2
2021,INGENIERIA MECATRONICA,ordinario,82,74,,no,46.88,74.28
2021,INGENIERIA MECATRONICA,precatolica,24,24,,no,136.24,200.8
2021,INGENIERIA MECATRONICA,rendimiento_superior,7,7,,no,84.28,93.9
2021,MEDICINA HUMANA TRASLADO INTERNO II,beca,125,4,3.2,si,99.48,82.03
2021,MEDICINA HUMANA TRASLADO INTERNO II,convenio_cci,1,1,,no,96.21,96.21
2021,MEDICINA HUMANA TRASLADO INTERNO II,extraordinario,153,40,26.1,si,70.83,86.44
2021,MEDICINA HUMANA TRASLADO INTERNO II,ordinario,1080,0,0.0,si,,84.48
2021,MEDICINA HUMANA TRASLADO INTERNO II,precatolica,1253,0,0.0,si,,223.29
2021,MEDICINA HUMANA TRASLADO INTERNO II,rendimiento_superior,165,16,9.7,si,102.19,96.92
2021,MEDICINA HUMANA TRASLADO INTERNO II,traslado,67,28,41.8,si,67.65,92.64
2021,MEDICINA VETERINARIA Y ZOOTECNIA,beca,5,5,,no,70.41,83.84
2021,MEDICINA VETERINARIA Y ZOOTECNIA,extraordinario,15,13,,no,63.62,83.33
2021,MEDICINA VETERINARIA Y ZOOTECNIA,ordinario,142,82,57.7,si,65.14,74.5
2021,MEDICINA VETERINARIA Y ZOOTECNIA,precatolica,31,30,,no,114.24,175.09
2021,MEDICINA VETERINARIA Y ZOOTECNIA,rendimiento_superior,2,2,,no,90.49,95.72
2021,MEDICINA VETERINARIA Y ZOOTECNIA,traslado,6,6,,no,67.99,70.1
2021,OBSTETRICIA Y PUERICULTURA,beca,8,6,,si,60.94,74.69
2021,OBSTETRICIA Y PUERICULTURA,extraordinario,14,14,,no,65.22,79.15
2021,OBSTETRICIA Y PUERICULTURA,ordinario,76,0,0.0,si,,71.51
2021,OBSTETRICIA Y PUERICULTURA,rendimiento_superior,2,2,,no,92.09,100.29
2021,OBSTETRICIA Y PUERICULTURA,traslado,2,2,,no,64.76,64.76
2021,ODONTOLOGIA,beca,4,4,,no,54.72,65.41
2021,ODONTOLOGIA,convenio_cci,1,1,,no,65.87,65.87
2021,ODONTOLOGIA,extraordinario,23,16,69.6,si,54.03,87.51
2021,ODONTOLOGIA,ordinario,131,0,0.0,si,,80.68
2021,ODONTOLOGIA,rendimiento_superior,5,5,,no,56.44,79.42
2021,ODONTOLOGIA,traslado,4,4,,no,68.62,74.31
2021,PSICOLOGIA TRASLADO INTERNO II,beca,55,14,25.5,si,78.19,67.68
2021,PSICOLOGIA TRASLADO INTERNO II,extraordinario,15,15,,no,56.31,75.0
2021,PSICOLOGIA TRASLADO INTERNO II,ordinario,131,0,0.0,si,,72.07
2021,PSICOLOGIA TRASLADO INTERNO II,precatolica,1,0,,si,,
2021,PSICOLOGIA TRASLADO INTERNO II,rendimiento_superior,6,6,,no,67.08,86.28
2021,PSICOLOGIA TRASLADO INTERNO II,traslado,4,4,,no,78.17,83.71
2021,PUBLICIDAD Y MULTIMEDIA TRASLADO EXTERNO NACIONAL II,beca,1,1,,no,86.24,86.24
2021,PUBLICIDAD Y MULTIMEDIA TRASLADO EXTERNO NACIONAL II,convenio_cci,1,1,,no,76.62,76.62
2021,PUBLICIDAD Y MULTIMEDIA TRASLADO EXTERNO NACIONAL II,extraordinario,1,1,,no,89.62,89.62
2021,PUBLICIDAD Y MULTIMEDIA TRASLADO EXTERNO NACIONAL II,ordinario,150,79,52.7,si,73.09,75.15
2021,PUBLICIDAD Y MULTIMEDIA TRASLADO EXTERNO NACIONAL II,precatolica,48,40,,no,122.27,190.75
2021,PUBLICIDAD Y MULTIMEDIA TRASLADO EXTERNO NACIONAL II,rendimiento_superior,5,5,,no,62.34,87.9
2021,PUBLICIDAD Y MULTIMEDIA TRASLADO EXTERNO NACIONAL II,traslado,4,4,,no,82.5,87.32
2021,TEOLOGIA,extraordinario,15,13,,no,14.0,24.0
2021,TRABAJO SOCIAL,extraordinario,38,38,,no,51.67,69.83
2021,TRABAJO SOCIAL,traslado,2,2,,no,75.17,75.17
2021,TURISMO Y HOTELERIA,beca,3,3,,no,57.66,61.96
2021,TURISMO Y HOTELERIA,extraordinario,2,2,,no,71.81,83.83
2021,TURISMO Y HOTELERIA,ordinario,26,21,,no,60.85,67.88
2021,TURISMO Y HOTELERIA,precatolica,1,1,,no,162.98,162.98
2022,ADMINISTRACION DE EMPRESAS,beca,8,3,,si,22.0,20.5
2022,ADMINISTRACION DE EMPRESAS,complementario,4,3,,si,36.0,38.0
2022,ADMINISTRACION DE EMPRESAS,convenio_cci,1,1,,no,,
2022,ADMINISTRACION DE EMPRESAS,extraordinario,13,13,,no,,
2022,ADMINISTRACION DE EMPRESAS,ordinario,244,231,,no,47.22,75.32
2022,ADMINISTRACION DE EMPRESAS,precatolica,65,64,,no,108.11,157.41
2022,ADMINISTRACION DE EMPRESAS,rendimiento_superior,5,5,,no,77.54,86.51
2022,ADMINISTRACION DE EMPRESAS,traslado,3,3,,no,76.35,78.2
2022,APRESTAMIENTO,precatolica,21,0,0.0,si,,69.6
2022,ARQUITECTURA,beca,6,3,,si,8.0,12.0
2022,ARQUITECTURA,complementario,3,3,,no,30.0,45.0
2022,ARQUITECTURA,convenio_cci,2,2,,no,,
2022,ARQUITECTURA,extraordinario,5,5,,no,,
2022,ARQUITECTURA,ordinario,181,168,,no,54.19,77.59
2022,ARQUITECTURA,precatolica,76,76,,no,106.69,198.13
2022,ARQUITECTURA,rendimiento_superior,12,11,,no,72.06,86.27
2022,ARQUITECTURA,traslado,2,2,,no,60.53,63.87
2022,CIENCIA POLITICA Y GOBIERNO,beca,1,0,,si,,
2022,CIENCIA POLITICA Y GOBIERNO,complementario,1,1,,no,36.0,36.0
2022,CIENCIA POLITICA Y GOBIERNO,convenio_cci,1,1,,no,,
2022,CIENCIA POLITICA Y GOBIERNO,ordinario,78,77,,no,48.75,74.84
2022,CIENCIA POLITICA Y GOBIERNO,precatolica,8,8,,no,110.85,193.86
2022,CIENCIA POLITICA Y GOBIERNO,rendimiento_superior,2,2,,no,78.31,83.2
2022,CIENCIA POLITICA Y GOBIERNO,traslado,1,1,,no,73.69,73.69
2022,COMUNICACION SOCIAL TRASLADO INTERNO II,beca,2,1,,si,22.0,22.0
2022,COMUNICACION SOCIAL TRASLADO INTERNO II,complementario,3,3,,no,29.0,32.0
2022,COMUNICACION SOCIAL TRASLADO INTERNO II,convenio_cci,1,1,,no,,
2022,COMUNICACION SOCIAL TRASLADO INTERNO II,extraordinario,2,2,,no,,
2022,COMUNICACION SOCIAL TRASLADO INTERNO II,ordinario,104,104,,no,50.71,72.62
2022,COMUNICACION SOCIAL TRASLADO INTERNO II,precatolica,23,23,,no,112.7,196.43
2022,COMUNICACION SOCIAL TRASLADO INTERNO II,rendimiento_superior,2,2,,no,81.96,84.39
2022,CONTABILIDAD,beca,3,2,,si,22.0,22.5
2022,CONTABILIDAD,complementario,2,1,,si,33.0,24.0
2022,CONTABILIDAD,extraordinario,2,2,,no,,
2022,CONTABILIDAD,ordinario,102,102,,no,47.5,72.06
2022,CONTABILIDAD,precatolica,7,7,,no,122.85,190.16
2022,CONTABILIDAD,rendimiento_superior,1,1,,no,72.01,72.01
2022,DERECHO TRASLADO INTERNO II,beca,8,2,,si,15.0,15.0
2022,DERECHO TRASLADO INTERNO II,complementario,6,6,,no,26.0,38.0
2022,DERECHO TRASLADO INTERNO II,extraordinario,29,29,,no,,
2022,DERECHO TRASLADO INTERNO II,ordinario,410,199,48.5,si,77.09,78.92
2022,DERECHO TRASLADO INTERNO II,precatolica,241,202,,no,107.51,187.38
2022,DERECHO TRASLADO INTERNO II,rendimiento_superior,23,15,65.2,si,82.62,86.75
2022,DERECHO TRASLADO INTERNO II,traslado,3,3,,no,70.14,83.18
2022,EDUCACION INICIAL,beca,2,1,,si,14.0,14.0
2022,EDUCACION INICIAL,complementario,1,1,,no,26.0,26.0
2022,EDUCACION INICIAL,ordinario,38,38,,no,50.44,72.52
2022,EDUCACION INICIAL,precatolica,4,4,,no,157.05,172.2
2022,EDUCACION INICIAL,traslado,2,2,,no,84.25,85.44
2022,ENFERMERIA,beca,12,5,,si,16.0,16.0
2022,ENFERMERIA,extraordinario,29,29,,no,,
2022,ENFERMERIA,ordinario,324,22,6.8,si,66.83,72.94
2022,ENFERMERIA,otro,6,6,,no,,
2022,ENFERMERIA,precatolica,82,11,13.4,si,127.35,160.33
2022,ENFERMERIA,rendimiento_superior,7,7,,no,71.42,81.32
2022,ENFERMERIA,traslado,8,6,,si,56.32,67.57
2022,FARMACIA Y BIOQUIMICA,beca,4,3,,si,13.0,19.0
2022,FARMACIA Y BIOQUIMICA,complementario,1,0,,si,,
2022,FARMACIA Y BIOQUIMICA,extraordinario,25,25,,no,,
2022,FARMACIA Y BIOQUIMICA,ordinario,129,33,25.6,si,60.25,69.55
2022,FARMACIA Y BIOQUIMICA,otro,14,14,,no,,
2022,FARMACIA Y BIOQUIMICA,precatolica,11,11,,no,117.71,167.25
2022,FARMACIA Y BIOQUIMICA,rendimiento_superior,2,2,,no,84.85,86.18
2022,FARMACIA Y BIOQUIMICA,traslado,4,4,,no,59.0,73.57
2022,INGENIERIA AGRONOMICA Y AGRICOLA,beca,1,1,,no,20.0,20.0
2022,INGENIERIA AGRONOMICA Y AGRICOLA,complementario,2,2,,no,28.0,32.0
2022,INGENIERIA AGRONOMICA Y AGRICOLA,extraordinario,27,27,,no,,
2022,INGENIERIA AGRONOMICA Y AGRICOLA,ordinario,44,42,,no,50.28,71.28
2022,INGENIERIA AGRONOMICA Y AGRICOLA,precatolica,3,2,,si,111.02,146.77
2022,INGENIERIA AGRONOMICA Y AGRICOLA,rendimiento_superior,1,1,,no,73.08,73.08
2022,INGENIERIA AMBIENTAL TRASLADO INTERNO II,beca,4,3,,si,12.0,21.0
2022,INGENIERIA AMBIENTAL TRASLADO INTERNO II,complementario,5,4,,no,36.0,37.5
2022,INGENIERIA AMBIENTAL TRASLADO INTERNO II,extraordinario,4,4,,no,,
2022,INGENIERIA AMBIENTAL TRASLADO INTERNO II,ordinario,92,92,,no,48.41,74.55
2022,INGENIERIA AMBIENTAL TRASLADO INTERNO II,precatolica,30,30,,no,130.59,189.62
2022,INGENIERIA AMBIENTAL TRASLADO INTERNO II,rendimiento_superior,6,6,,no,75.19,84.92
2022,INGENIERIA AMBIENTAL TRASLADO INTERNO II,traslado,1,1,,no,79.19,79.19
2022,INGENIERIA BIOTECNOLOGICA,convenio_cci,2,2,,no,,
2022,INGENIERIA BIOTECNOLOGICA,extraordinario,10,10,,no,,
2022,INGENIERIA BIOTECNOLOGICA,ordinario,22,21,,no,71.75,80.21
2022,INGENIERIA BIOTECNOLOGICA,otro,6,6,,no,,
2022,INGENIERIA BIOTECNOLOGICA,precatolica,7,7,,no,110.1,216.75
2022,INGENIERIA BIOTECNOLOGICA,rendimiento_superior,11,11,,no,82.01,88.92
2022,INGENIERIA BIOTECNOLOGICA,traslado,1,1,,no,83.06,83.06
2022,INGENIERIA CIVIL TRASLADO INTERNO II,beca,8,4,,si,7.0,17.5
2022,INGENIERIA CIVIL TRASLADO INTERNO II,complementario,4,4,,no,34.0,45.5
2022,INGENIERIA CIVIL TRASLADO INTERNO II,convenio_cci,2,2,,no,,
2022,INGENIERIA CIVIL TRASLADO INTERNO II,extraordinario,21,21,,no,,
2022,INGENIERIA CIVIL TRASLADO INTERNO II,ordinario,276,237,,no,51.56,77.72
2022,INGENIERIA CIVIL TRASLADO INTERNO II,precatolica,59,59,,no,116.98,199.72
2022,INGENIERIA CIVIL TRASLADO INTERNO II,rendimiento_superior,19,12,63.2,si,83.86,91.02
2022,INGENIERIA CIVIL TRASLADO INTERNO II,traslado,4,4,,no,65.64,74.38
2022,INGENIERIA COMERCIAL,complementario,6,6,,no,42.0,52.0
2022,INGENIERIA COMERCIAL,extraordinario,4,4,,no,,
2022,INGENIERIA COMERCIAL,ordinario,127,127,,no,52.68,76.39
2022,INGENIERIA COMERCIAL,precatolica,51,47,,no,119.85,182.81
2022,INGENIERIA COMERCIAL,rendimiento_superior,6,6,,no,77.64,88.57
2022,INGENIERIA DE INDUSTRIA ALIMENTARIA,complementario,1,1,,no,50.0,50.0
2022,INGENIERIA DE INDUSTRIA ALIMENTARIA,extraordinario,2,2,,no,,
2022,INGENIERIA DE INDUSTRIA ALIMENTARIA,ordinario,28,28,,no,52.97,73.0
2022,INGENIERIA DE INDUSTRIA ALIMENTARIA,precatolica,8,8,,no,126.0,194.79
2022,INGENIERIA DE INDUSTRIA ALIMENTARIA,rendimiento_superior,1,1,,no,93.66,93.66
2022,INGENIERIA DE MINAS,beca,3,2,,si,11.0,16.5
2022,INGENIERIA DE MINAS,complementario,3,1,,si,37.0,23.5
2022,INGENIERIA DE MINAS,extraordinario,4,4,,no,,
2022,INGENIERIA DE MINAS,ordinario,105,105,,no,44.72,73.0
2022,INGENIERIA DE MINAS,precatolica,26,25,,no,113.55,185.93
2022,INGENIERIA DE MINAS,rendimiento_superior,7,7,,no,55.8,85.36
2022,INGENIERIA DE SISTEMAS,beca,5,3,,si,15.0,17.5
2022,INGENIERIA DE SISTEMAS,complementario,5,5,,no,33.0,38.0
2022,INGENIERIA DE SISTEMAS,convenio_cci,1,1,,no,,
2022,INGENIERIA DE SISTEMAS,extraordinario,7,7,,no,,
2022,INGENIERIA DE SISTEMAS,ordinario,243,192,,no,48.5,74.64
2022,INGENIERIA DE SISTEMAS,precatolica,68,67,,no,107.78,176.7
2022,INGENIERIA DE SISTEMAS,rendimiento_superior,6,6,,no,76.05,87.15
2022,INGENIERIA DE SISTEMAS,traslado,3,3,,no,66.98,78.38
2022,INGENIERIA ELECTRONICA,complementario,1,0,,si,,15.0
2022,INGENIERIA ELECTRONICA,ordinario,32,32,,no,47.34,73.75
2022,INGENIERIA ELECTRONICA,precatolica,6,6,,no,113.96,170.32
2022,INGENIERIA INDUSTRIAL TRASLADO INTERNO II,beca,6,3,,si,15.0,19.0
2022,INGENIERIA INDUSTRIAL TRASLADO INTERNO II,complementario,4,4,,no,37.0,42.0
2022,INGENIERIA INDUSTRIAL TRASLADO INTERNO II,convenio_cci,1,1,,no,,
2022,INGENIERIA INDUSTRIAL TRASLADO INTERNO II,extraordinario,17,17,,no,,
2022,INGENIERIA INDUSTRIAL TRASLADO INTERNO II,ordinario,273,268,,no,45.51,74.66
2022,INGENIERIA INDUSTRIAL TRASLADO INTERNO II,precatolica,96,95,,no,107.78,187.95
2022,INGENIERIA INDUSTRIAL TRASLADO INTERNO II,rendimiento_superior,18,18,,no,74.99,87.94
2022,INGENIERIA INDUSTRIAL TRASLADO INTERNO II,traslado,10,9,,no,62.01,74.29
2022,INGENIERIA MECANICA ELECTRICA,beca,1,0,,si,,
2022,INGENIERIA MECANICA ELECTRICA,complementario,4,4,,no,41.0,46.0
2022,INGENIERIA MECANICA ELECTRICA,extraordinario,3,3,,no,,
2022,INGENIERIA MECANICA ELECTRICA,ordinario,103,94,,no,47.86,75.53
2022,INGENIERIA MECANICA ELECTRICA,precatolica,45,45,,no,111.04,185.66
2022,INGENIERIA MECANICA ELECTRICA,rendimiento_superior,4,4,,no,79.04,86.26
2022,INGENIERIA MECANICA ELECTRICA,traslado,2,2,,no,72.96,72.99
2022,INGENIERIA MECATRONICA,beca,3,0,,si,,
2022,INGENIERIA MECATRONICA,complementario,3,2,,si,43.0,45.5
2022,INGENIERIA MECATRONICA,convenio_cci,1,1,,no,,
2022,INGENIERIA MECATRONICA,extraordinario,7,7,,no,,
2022,INGENIERIA MECATRONICA,ordinario,105,105,,no,47.73,75.84
2022,INGENIERIA MECATRONICA,precatolica,38,38,,no,108.13,199.01
2022,INGENIERIA MECATRONICA,rendimiento_superior,12,11,,no,76.93,89.95
2022,INGENIERIA MECATRONICA,traslado,1,1,,no,67.09,67.09
2022,MEDICINA HUMANA TRASLADO INTERNO II,beca,45,8,17.8,si,23.0,17.0
2022,MEDICINA HUMANA TRASLADO INTERNO II,convenio_cci,14,14,,no,,
2022,MEDICINA HUMANA TRASLADO INTERNO II,extraordinario,49,49,,no,,
2022,MEDICINA HUMANA TRASLADO INTERNO II,ordinario,1322,28,2.1,si,100.54,83.98
2022,MEDICINA HUMANA TRASLADO INTERNO II,otro,6,6,,no,,
2022,MEDICINA HUMANA TRASLADO INTERNO II,precatolica,1671,84,5.0,si,224.51,216.43
2022,MEDICINA HUMANA TRASLADO INTERNO II,rendimiento_superior,224,15,6.7,si,100.49,89.4
2022,MEDICINA HUMANA TRASLADO INTERNO II,traslado,59,15,25.4,si,89.01,87.62
2022,MEDICINA VETERINARIA Y ZOOTECNIA,beca,2,1,,si,14.0,14.0
2022,MEDICINA VETERINARIA Y ZOOTECNIA,complementario,5,5,,no,27.0,43.0
2022,MEDICINA VETERINARIA Y ZOOTECNIA,extraordinario,13,13,,no,,
2022,MEDICINA VETERINARIA Y ZOOTECNIA,ordinario,260,149,57.3,si,48.0,72.57
2022,MEDICINA VETERINARIA Y ZOOTECNIA,precatolica,107,89,,no,111.11,176.5
2022,MEDICINA VETERINARIA Y ZOOTECNIA,rendimiento_superior,4,4,,no,80.78,83.63
2022,MEDICINA VETERINARIA Y ZOOTECNIA,traslado,2,2,,no,65.06,68.16
2022,OBSTETRICIA Y PUERICULTURA,beca,3,2,,si,9.0,15.0
2022,OBSTETRICIA Y PUERICULTURA,complementario,1,0,,si,,15.0
2022,OBSTETRICIA Y PUERICULTURA,extraordinario,21,21,,no,,
2022,OBSTETRICIA Y PUERICULTURA,ordinario,108,28,25.9,si,64.19,70.71
2022,OBSTETRICIA Y PUERICULTURA,otro,9,8,,no,,
2022,OBSTETRICIA Y PUERICULTURA,precatolica,11,10,,no,120.47,176.74
2022,OBSTETRICIA Y PUERICULTURA,rendimiento_superior,1,1,,no,80.34,80.34
2022,OBSTETRICIA Y PUERICULTURA,traslado,1,1,,no,73.88,73.88
2022,ODONTOLOGIA,beca,4,3,,si,10.0,15.0
2022,ODONTOLOGIA,complementario,1,0,,si,,15.0
2022,ODONTOLOGIA,extraordinario,28,28,,no,,
2022,ODONTOLOGIA,ordinario,194,48,24.7,si,69.34,75.39
2022,ODONTOLOGIA,otro,14,14,,no,,
2022,ODONTOLOGIA,precatolica,43,30,69.8,si,138.94,188.04
2022,ODONTOLOGIA,rendimiento_superior,8,8,,no,69.59,88.34
2022,PSICOLOGIA TRASLADO INTERNO II,beca,11,4,,si,11.0,19.0
2022,PSICOLOGIA TRASLADO INTERNO II,extraordinario,20,20,,no,,
2022,PSICOLOGIA TRASLADO INTERNO II,ordinario,242,35,14.5,si,71.97,71.67
2022,PSICOLOGIA TRASLADO INTERNO II,otro,9,9,,no,,
2022,PSICOLOGIA TRASLADO INTERNO II,precatolica,36,22,61.1,si,152.06,177.9
2022,PSICOLOGIA TRASLADO INTERNO II,rendimiento_superior,7,7,,no,77.32,84.93
2022,PSICOLOGIA TRASLADO INTERNO II,traslado,5,5,,no,71.5,75.19
2022,PUBLICIDAD Y MULTIMEDIA TRASLADO EXTERNO NACIONAL II,complementario,4,4,,no,39.0,42.5
2022,PUBLICIDAD Y MULTIMEDIA TRASLADO EXTERNO NACIONAL II,convenio_cci,1,1,,no,,
2022,PUBLICIDAD Y MULTIMEDIA TRASLADO EXTERNO NACIONAL II,extraordinario,3,3,,no,,
2022,PUBLICIDAD Y MULTIMEDIA TRASLADO EXTERNO NACIONAL II,ordinario,209,133,63.6,si,45.51,76.92
2022,PUBLICIDAD Y MULTIMEDIA TRASLADO EXTERNO NACIONAL II,precatolica,88,82,,no,117.93,197.04
2022,PUBLICIDAD Y MULTIMEDIA TRASLADO EXTERNO NACIONAL II,rendimiento_superior,6,6,,no,76.44,86.56
2022,PUBLICIDAD Y MULTIMEDIA TRASLADO EXTERNO NACIONAL II,traslado,4,4,,no,68.93,77.22
2022,TRABAJO SOCIAL,extraordinario,36,36,,no,,
2023,ADMINISTRACION DE EMPRESAS,beca,14,5,,si,17.0,17.0
2023,ADMINISTRACION DE EMPRESAS,extraordinario,6,6,,no,83.8,86.58
2023,ADMINISTRACION DE EMPRESAS,ordinario,193,154,,no,57.08,71.72
2023,ADMINISTRACION DE EMPRESAS,precatolica,42,32,,no,152.43,178.65
2023,ADMINISTRACION DE EMPRESAS,rendimiento_superior,8,7,,no,75.29,78.52
2023,ADMINISTRACION DE EMPRESAS,traslado,5,3,,si,81.8,81.8
2023,APRESTAMIENTO,precatolica,6,0,,si,,69.2
2023,ARQUITECTURA,beca,9,4,,si,16.0,16.0
2023,ARQUITECTURA,extraordinario,11,10,,no,69.75,80.01
2023,ARQUITECTURA,ordinario,196,121,61.7,si,63.16,74.15
2023,ARQUITECTURA,precatolica,71,60,,no,108.4,181.2
2023,ARQUITECTURA,rendimiento_superior,14,14,,no,81.82,89.34
2023,ARQUITECTURA,traslado,2,2,,no,75.23,76.24
2023,CIENCIA POLITICA Y GOBIERNO,distancia,221,148,67.0,si,,
2023,CIENCIA POLITICA Y GOBIERNO,extraordinario,2,2,,no,81.14,89.46
2023,CIENCIA POLITICA Y GOBIERNO,ordinario,39,36,,no,60.61,75.13
2023,CIENCIA POLITICA Y GOBIERNO,precatolica,7,5,,si,163.03,176.88
2023,CIENCIA POLITICA Y GOBIERNO,rendimiento_superior,1,1,,no,90.62,90.62
2023,COMUNICACION SOCIAL TRASLADO INTERNO II,beca,2,1,,si,22.0,22.0
2023,COMUNICACION SOCIAL TRASLADO INTERNO II,extraordinario,1,0,,si,,56.84
2023,COMUNICACION SOCIAL TRASLADO INTERNO II,ordinario,72,69,,no,53.88,74.28
2023,COMUNICACION SOCIAL TRASLADO INTERNO II,precatolica,21,14,66.7,si,127.33,184.7
2023,COMUNICACION SOCIAL TRASLADO INTERNO II,rendimiento_superior,2,2,,no,97.79,99.74
2023,CONTABILIDAD,beca,6,1,,si,27.0,20.0
2023,CONTABILIDAD,distancia,509,205,40.3,si,,
2023,CONTABILIDAD,extraordinario,4,4,,no,84.59,88.89
2023,CONTABILIDAD,ordinario,68,57,,no,51.45,72.03
2023,CONTABILIDAD,precatolica,10,9,,no,135.79,181.13
2023,CONTABILIDAD,rendimiento_superior,1,1,,no,79.38,79.38
2023,CONTABILIDAD,traslado,1,0,,si,,53.05
2023,DERECHO TRASLADO INTERNO II,beca,19,7,36.8,si,19.0,19.5
2023,DERECHO TRASLADO INTERNO II,extraordinario,22,20,,no,62.58,90.5
2023,DERECHO TRASLADO INTERNO II,ordinario,364,133,36.5,si,78.72,78.02
2023,DERECHO TRASLADO INTERNO II,precatolica,199,161,,no,106.74,186.41
2023,DERECHO TRASLADO INTERNO II,rendimiento_superior,27,25,,no,75.0,91.75
2023,DERECHO TRASLADO INTERNO II,traslado,4,4,,no,74.5,93.19
2023,DISENO GRAFICO PUBLICITARIO,distancia,136,89,65.4,si,,
2023,ECONOMIA Y FINANZAS,distancia,355,181,51.0,si,,
2023,EDUCACION INICIAL,beca,2,1,,si,17.0,17.0
2023,EDUCACION INICIAL,extraordinario,2,2,,no,69.11,73.96
2023,EDUCACION INICIAL,ordinario,34,33,,no,58.4,69.87
2023,EDUCACION INICIAL,precatolica,6,5,,no,150.14,187.71
2023,EDUCACION INICIAL,rendimiento_superior,2,2,,no,85.1,91.65
2023,EDUCACION INICIAL,traslado,2,2,,no,67.59,84.1
2023,EDUCACION SECUNDARIA,distancia,128,93,72.7,si,,
2023,ENFERMERIA,beca,21,4,19.0,si,16.0,13.0
2023,ENFERMERIA,extraordinario,50,25,50.0,si,63.43,89.5
2023,ENFERMERIA,ordinario,308,0,0.0,si,,71.15
2023,ENFERMERIA,otro,98,98,,no,,
2023,ENFERMERIA,precatolica,163,42,25.8,si,,159.97
2023,ENFERMERIA,rendimiento_superior,7,6,,no,77.44,89.42
2023,ENFERMERIA,traslado,11,9,,no,53.0,72.4
2023,FARMACIA Y BIOQUIMICA,beca,5,4,,no,16.0,17.0
2023,FARMACIA Y BIOQUIMICA,extraordinario,24,21,,no,60.89,71.58
2023,FARMACIA Y BIOQUIMICA,ordinario,105,0,0.0,si,,66.43
2023,FARMACIA Y BIOQUIMICA,otro,102,99,,no,,
2023,FARMACIA Y BIOQUIMICA,precatolica,48,35,72.9,si,,95.43
2023,FARMACIA Y BIOQUIMICA,rendimiento_superior,6,6,,no,73.21,82.58
2023,INGENIERIA AGRONOMICA Y AGRICOLA,beca,1,1,,no,12.0,12.0
2023,INGENIERIA AGRONOMICA Y AGRICOLA,distancia,245,169,69.0,si,,
2023,INGENIERIA AGRONOMICA Y AGRICOLA,extraordinario,7,5,,si,65.11,69.58
2023,INGENIERIA AGRONOMICA Y AGRICOLA,ordinario,45,38,,no,59.0,69.66
2023,INGENIERIA AGRONOMICA Y AGRICOLA,precatolica,6,6,,no,159.23,172.41
2023,INGENIERIA AMBIENTAL TRASLADO INTERNO II,beca,9,2,,si,17.0,17.0
2023,INGENIERIA AMBIENTAL TRASLADO INTERNO II,extraordinario,3,3,,no,64.47,86.28
2023,INGENIERIA AMBIENTAL TRASLADO INTERNO II,ordinario,90,50,55.6,si,60.34,72.9
2023,INGENIERIA AMBIENTAL TRASLADO INTERNO II,precatolica,15,12,,no,109.3,178.46
2023,INGENIERIA AMBIENTAL TRASLADO INTERNO II,rendimiento_superior,2,2,,no,80.89,82.13
2023,INGENIERIA AMBIENTAL TRASLADO INTERNO II,traslado,2,2,,no,76.17,81.79
2023,INGENIERIA BIOTECNOLOGICA,extraordinario,16,15,,no,63.25,93.6
2023,INGENIERIA BIOTECNOLOGICA,ordinario,35,0,0.0,si,,74.45
2023,INGENIERIA BIOTECNOLOGICA,precatolica,11,9,,no,,134.14
2023,INGENIERIA BIOTECNOLOGICA,rendimiento_superior,6,5,,no,79.63,84.92
2023,INGENIERIA BIOTECNOLOGICA,traslado,2,2,,no,71.99,75.08
2023,INGENIERIA CIVIL TRASLADO INTERNO II,beca,14,4,,si,18.0,17.5
2023,INGENIERIA CIVIL TRASLADO INTERNO II,extraordinario,13,11,,no,75.54,86.61
2023,INGENIERIA CIVIL TRASLADO INTERNO II,ordinario,214,127,59.3,si,62.41,76.61
2023,INGENIERIA CIVIL TRASLADO INTERNO II,precatolica,73,58,,no,113.72,183.17
2023,INGENIERIA CIVIL TRASLADO INTERNO II,rendimiento_superior,8,8,,no,80.25,91.26
2023,INGENIERIA CIVIL TRASLADO INTERNO II,traslado,2,2,,no,59.15,66.73
2023,INGENIERIA COMERCIAL,beca,3,3,,no,14.0,20.0
2023,INGENIERIA COMERCIAL,extraordinario,3,3,,no,77.11,91.16
2023,INGENIERIA COMERCIAL,ordinario,128,99,,no,58.83,74.84
2023,INGENIERIA COMERCIAL,precatolica,59,46,,no,152.99,188.82
2023,INGENIERIA COMERCIAL,rendimiento_superior,11,11,,no,74.29,89.97
2023,INGENIERIA COMERCIAL,traslado,1,1,,no,71.0,71.0
2023,INGENIERIA DE INDUSTRIA ALIMENTARIA,beca,3,1,,si,17.0,12.5
2023,INGENIERIA DE INDUSTRIA ALIMENTARIA,distancia,75,39,52.0,si,,
2023,INGENIERIA DE INDUSTRIA ALIMENTARIA,extraordinario,1,1,,no,76.62,76.62
2023,INGENIERIA DE INDUSTRIA ALIMENTARIA,ordinario,22,22,,no,56.56,70.02
2023,INGENIERIA DE INDUSTRIA ALIMENTARIA,precatolica,7,6,,no,151.28,166.27
2023,INGENIERIA DE INDUSTRIA ALIMENTARIA,rendimiento_superior,1,1,,no,90.25,90.25
2023,INGENIERIA DE MINAS,beca,8,2,,si,15.0,13.0
2023,INGENIERIA DE MINAS,extraordinario,5,4,,no,76.82,84.47
2023,INGENIERIA DE MINAS,ordinario,120,68,56.7,si,62.0,72.65
2023,INGENIERIA DE MINAS,precatolica,50,41,,no,128.37,176.92
2023,INGENIERIA DE MINAS,rendimiento_superior,5,3,,si,72.0,72.0
2023,INGENIERIA DE SISTEMAS,beca,5,4,,no,12.0,16.0
2023,INGENIERIA DE SISTEMAS,extraordinario,8,8,,no,73.85,82.86
2023,INGENIERIA DE SISTEMAS,ordinario,198,112,56.6,si,65.62,73.2
2023,INGENIERIA DE SISTEMAS,precatolica,89,74,,no,124.63,177.29
2023,INGENIERIA DE SISTEMAS,rendimiento_superior,11,11,,no,82.31,88.95
2023,INGENIERIA DE SISTEMAS,traslado,1,1,,no,69.57,69.57
2023,INGENIERIA INDUSTRIAL TRASLADO INTERNO II,beca,7,5,,si,14.0,19.0
2023,INGENIERIA INDUSTRIAL TRASLADO INTERNO II,extraordinario,17,17,,no,60.62,78.53
2023,INGENIERIA INDUSTRIAL TRASLADO INTERNO II,ordinario,250,148,59.2,si,64.97,75.99
2023,INGENIERIA INDUSTRIAL TRASLADO INTERNO II,precatolica,102,83,,no,123.8,178.27
2023,INGENIERIA INDUSTRIAL TRASLADO INTERNO II,rendimiento_superior,26,24,,no,77.51,93.71
2023,INGENIERIA INDUSTRIAL TRASLADO INTERNO II,traslado,7,7,,no,64.94,68.32
2023,INGENIERIA MECANICA ELECTRICA,beca,2,2,,no,13.0,16.5
2023,INGENIERIA MECANICA ELECTRICA,extraordinario,4,4,,no,73.98,81.06
2023,INGENIERIA MECANICA ELECTRICA,ordinario,97,61,62.9,si,54.58,73.58
2023,INGENIERIA MECANICA ELECTRICA,precatolica,35,32,,no,108.33,174.37
2023,INGENIERIA MECANICA ELECTRICA,rendimiento_superior,6,6,,no,81.53,83.75
2023,INGENIERIA MECANICA ELECTRICA,traslado,2,2,,no,63.47,76.59
2023,INGENIERIA MECATRONICA,beca,5,2,,si,18.0,18.0
2023,INGENIERIA MECATRONICA,extraordinario,8,8,,no,67.28,95.63
2023,INGENIERIA MECATRONICA,ordinario,113,63,55.8,si,64.41,75.58
2023,INGENIERIA MECATRONICA,precatolica,42,33,,no,111.5,177.96
2023,INGENIERIA MECATRONICA,rendimiento_superior,7,5,,si,89.76,96.9
2023,INGENIERIA MECATRONICA,traslado,3,3,,no,77.83,81.01
2023,MARKETING DIGITAL,distancia,98,56,57.1,si,,
2023,MARKETING Y GESTION COMERCIAL,distancia,128,80,62.5,si,,
2023,MEDICINA HUMANA TRASLADO INTERNO II,beca,147,8,5.4,si,30.0,20.0
2023,MEDICINA HUMANA TRASLADO INTERNO II,extraordinario,148,43,29.1,si,60.58,91.34
2023,MEDICINA HUMANA TRASLADO INTERNO II,ordinario,1499,0,0.0,si,,82.75
2023,MEDICINA HUMANA TRASLADO INTERNO II,precatolica,1697,29,1.7,si,,204.75
2023,MEDICINA HUMANA TRASLADO INTERNO II,rendimiento_superior,283,14,4.9,si,108.16,95.51
2023,MEDICINA HUMANA TRASLADO INTERNO II,traslado,72,9,12.5,si,94.11,85.73
2023,MEDICINA VETERINARIA Y ZOOTECNIA,beca,4,4,,no,18.0,20.0
2023,MEDICINA VETERINARIA Y ZOOTECNIA,extraordinario,12,12,,no,59.8,84.38
2023,MEDICINA VETERINARIA Y ZOOTECNIA,ordinario,256,105,41.0,si,60.88,71.83
2023,MEDICINA VETERINARIA Y ZOOTECNIA,precatolica,122,77,63.1,si,133.75,176.24
2023,MEDICINA VETERINARIA Y ZOOTECNIA,rendimiento_superior,6,6,,no,79.5,88.68
2023,MEDICINA VETERINARIA Y ZOOTECNIA,traslado,3,3,,no,62.59,63.93
2023,OBSTETRICIA Y PUERICULTURA,beca,3,3,,no,7.0,18.0
2023,OBSTETRICIA Y PUERICULTURA,extraordinario,9,9,,no,76.17,84.52
2023,OBSTETRICIA Y PUERICULTURA,ordinario,143,0,0.0,si,,69.16
2023,OBSTETRICIA Y PUERICULTURA,precatolica,13,0,,si,,115.23
2023,OBSTETRICIA Y PUERICULTURA,rendimiento_superior,3,3,,no,85.5,86.56
2023,ODONTOLOGIA,beca,6,5,,no,14.0,19.0
2023,ODONTOLOGIA,extraordinario,24,24,,no,58.45,89.9
2023,ODONTOLOGIA,ordinario,195,0,0.0,si,,70.69
2023,ODONTOLOGIA,precatolica,29,0,0.0,si,,115.86
2023,ODONTOLOGIA,rendimiento_superior,14,13,,no,70.86,85.97
2023,ODONTOLOGIA,traslado,2,2,,no,66.23,70.24
2023,PSICOLOGIA TRASLADO INTERNO II,beca,13,5,,si,21.0,21.0
2023,PSICOLOGIA TRASLADO INTERNO II,extraordinario,25,23,,no,69.19,81.62
2023,PSICOLOGIA TRASLADO INTERNO II,ordinario,258,0,0.0,si,,69.9
2023,PSICOLOGIA TRASLADO INTERNO II,precatolica,82,0,0.0,si,,142.32
2023,PSICOLOGIA TRASLADO INTERNO II,rendimiento_superior,14,11,,no,73.88,79.5
2023,PSICOLOGIA TRASLADO INTERNO II,traslado,5,5,,no,72.14,72.36
2023,PUBLICIDAD Y MULTIMEDIA TRASLADO EXTERNO NACIONAL II,beca,4,2,,si,20.0,20.5
2023,PUBLICIDAD Y MULTIMEDIA TRASLADO EXTERNO NACIONAL II,extraordinario,5,4,,no,69.06,79.03
2023,PUBLICIDAD Y MULTIMEDIA TRASLADO EXTERNO NACIONAL II,ordinario,202,113,55.9,si,58.61,75.21
2023,PUBLICIDAD Y MULTIMEDIA TRASLADO EXTERNO NACIONAL II,precatolica,86,70,,no,118.2,175.61
2023,PUBLICIDAD Y MULTIMEDIA TRASLADO EXTERNO NACIONAL II,rendimiento_superior,9,8,,no,81.38,89.08
2023,PUBLICIDAD Y MULTIMEDIA TRASLADO EXTERNO NACIONAL II,traslado,3,3,,no,78.14,83.56
2023,TEOLOGIA,distancia,71,55,,no,,
2023,TRABAJO SOCIAL,distancia,314,207,65.9,si,,
2023,TURISMO Y GASTRONOMIA,distancia,113,52,46.0,si,,
2024,ADMINISTRACION DE EMPRESAS,complementario,3,3,,no,124.44,129.82
2024,ADMINISTRACION DE EMPRESAS,convenio_cci,9,9,,no,142.11,166.07
2024,ADMINISTRACION DE EMPRESAS,ordinario,175,138,,no,103.71,148.18
2024,ADMINISTRACION DE EMPRESAS,precatolica,62,44,71.0,si,120.46,137.44
2024,ADMINISTRACION DE EMPRESAS,rendimiento_superior,22,22,,no,164.13,187.51
2024,APRESTAMIENTO,precatolica,4,0,,si,,66.69
2024,ARQUITECTURA,convenio_cci,14,14,,no,111.2,190.06
2024,ARQUITECTURA,ordinario,176,112,63.6,si,132.11,151.59
2024,ARQUITECTURA,precatolica,99,63,63.6,si,111.62,146.42
2024,ARQUITECTURA,rendimiento_superior,36,36,,no,143.69,178.98
2024,ARQUITECTURA,traslado,1,1,,no,98.39,98.39
2024,CIENCIA POLITICA Y GOBIERNO,beca,89,36,40.4,si,161.26,161.26
2024,CIENCIA POLITICA Y GOBIERNO,convenio_cci,2,2,,no,222.6,235.29
2024,CIENCIA POLITICA Y GOBIERNO,distancia,49,46,,no,52.5,170.64
2024,CIENCIA POLITICA Y GOBIERNO,ordinario,38,37,,no,123.94,153.96
2024,CIENCIA POLITICA Y GOBIERNO,precatolica,11,9,,no,140.82,156.53
2024,COMUNICACION SOCIAL TRASLADO INTERNO II,complementario,3,3,,no,116.01,123.59
2024,COMUNICACION SOCIAL TRASLADO INTERNO II,convenio_cci,4,4,,no,140.98,205.36
2024,COMUNICACION SOCIAL TRASLADO INTERNO II,extraordinario,2,2,,no,,
2024,COMUNICACION SOCIAL TRASLADO INTERNO II,ordinario,53,53,,no,112.38,147.35
2024,COMUNICACION SOCIAL TRASLADO INTERNO II,precatolica,16,13,,no,132.78,146.13
2024,COMUNICACION SOCIAL TRASLADO INTERNO II,rendimiento_superior,4,4,,no,164.97,177.76
2024,COMUNICACION SOCIAL TRASLADO INTERNO II,traslado,1,1,,no,196.58,196.58
2024,CONTABILIDAD,beca,227,97,42.7,si,157.51,161.25
2024,CONTABILIDAD,convenio_cci,1,1,,no,162.6,162.6
2024,CONTABILIDAD,distancia,65,59,,no,67.5,153.75
2024,CONTABILIDAD,ordinario,66,66,,no,120.33,149.68
2024,CONTABILIDAD,precatolica,16,14,,no,122.38,148.7
2024,CONTABILIDAD,rendimiento_superior,4,4,,no,174.66,191.27
2024,DERECHO TRASLADO INTERNO II,complementario,2,1,,si,132.21,132.21
2024,DERECHO TRASLADO INTERNO II,convenio_cci,36,36,,no,128.97,174.1
2024,DERECHO TRASLADO INTERNO II,extraordinario,1,1,,no,,
2024,DERECHO TRASLADO INTERNO II,ordinario,324,152,46.9,si,149.26,158.96
2024,DERECHO TRASLADO INTERNO II,precatolica,226,128,56.6,si,131.42,150.39
2024,DERECHO TRASLADO INTERNO II,rendimiento_superior,70,48,68.6,si,180.29,195.76
2024,DERECHO TRASLADO INTERNO II,traslado,3,3,,no,125.54,170.12
2024,DISENO GRAFICO PUBLICITARIO,beca,62,23,37.1,si,157.51,157.51
2024,DISENO GRAFICO PUBLICITARIO,distancia,25,24,,no,71.25,172.5
2024,ECONOMIA Y FINANZAS,beca,153,83,54.2,si,157.52,172.51
2024,ECONOMIA Y FINANZAS,distancia,65,59,,no,67.49,172.51
2024,EDUCACION INICIAL,complementario,2,2,,no,88.46,110.82
2024,EDUCACION INICIAL,convenio_cci,1,1,,no,204.01,204.01
2024,EDUCACION INICIAL,ordinario,43,43,,no,115.16,147.03
2024,EDUCACION INICIAL,precatolica,16,12,75.0,si,126.64,139.32
2024,EDUCACION INICIAL,rendimiento_superior,2,2,,no,196.86,196.86
2024,EDUCACION SECUNDARIA,beca,40,17,42.5,si,157.53,163.13
2024,EDUCACION SECUNDARIA,distancia,72,63,,no,78.76,168.75
2024,ENFERMERIA,complementario,1,1,,no,107.12,107.12
2024,ENFERMERIA,convenio_cci,31,26,,no,117.31,184.42
2024,ENFERMERIA,extraordinario,1,1,,no,,
2024,ENFERMERIA,ordinario,412,95,23.1,si,139.76,147.68
2024,ENFERMERIA,precatolica,245,71,29.0,si,123.12,151.38
2024,ENFERMERIA,rendimiento_superior,10,10,,no,164.12,184.94
2024,ENFERMERIA,traslado,7,6,,no,138.6,148.07
2024,FARMACIA Y BIOQUIMICA,complementario,1,1,,no,169.83,169.83
2024,FARMACIA Y BIOQUIMICA,convenio_cci,21,21,,no,51.74,194.95
2024,FARMACIA Y BIOQUIMICA,extraordinario,4,4,,no,,
2024,FARMACIA Y BIOQUIMICA,ordinario,213,131,61.5,si,116.83,138.84
2024,FARMACIA Y BIOQUIMICA,precatolica,59,45,,no,111.28,143.02
2024,FARMACIA Y BIOQUIMICA,rendimiento_superior,18,18,,no,168.71,206.69
2024,FARMACIA Y BIOQUIMICA,traslado,5,5,,no,173.73,225.53
2024,INGENIERIA AGRONOMICA Y AGRICOLA,beca,86,29,33.7,si,157.52,153.76
2024,INGENIERIA AGRONOMICA Y AGRICOLA,convenio_cci,1,1,,no,161.56,161.56
2024,INGENIERIA AGRONOMICA Y AGRICOLA,distancia,199,159,,no,48.77,146.25
2024,INGENIERIA AGRONOMICA Y AGRICOLA,ordinario,22,22,,no,104.89,138.46
2024,INGENIERIA AGRONOMICA Y AGRICOLA,precatolica,4,3,,si,127.94,148.56
2024,INGENIERIA AGRONOMICA Y AGRICOLA,rendimiento_superior,2,2,,no,175.01,175.01
2024,INGENIERIA AMBIENTAL TRASLADO INTERNO II,convenio_cci,8,8,,no,143.25,194.94
2024,INGENIERIA AMBIENTAL TRASLADO INTERNO II,extraordinario,1,1,,no,,
2024,INGENIERIA AMBIENTAL TRASLADO INTERNO II,ordinario,65,40,61.5,si,123.71,144.33
2024,INGENIERIA AMBIENTAL TRASLADO INTERNO II,precatolica,20,16,,no,121.6,153.17
2024,INGENIERIA AMBIENTAL TRASLADO INTERNO II,rendimiento_superior,4,4,,no,169.01,173.55
2024,INGENIERIA AMBIENTAL TRASLADO INTERNO II,traslado,2,2,,no,114.72,150.04
2024,INGENIERIA BIOTECNOLOGICA,convenio_cci,10,10,,no,137.54,197.32
2024,INGENIERIA BIOTECNOLOGICA,ordinario,109,96,,no,119.05,157.87
2024,INGENIERIA BIOTECNOLOGICA,precatolica,24,22,,no,129.21,160.63
2024,INGENIERIA BIOTECNOLOGICA,rendimiento_superior,22,20,,no,178.56,200.48
2024,INGENIERIA BIOTECNOLOGICA,traslado,1,0,,si,,
2024,INGENIERIA CIVIL TRASLADO INTERNO II,convenio_cci,19,19,,no,136.46,187.64
2024,INGENIERIA CIVIL TRASLADO INTERNO II,extraordinario,1,1,,no,,
2024,INGENIERIA CIVIL TRASLADO INTERNO II,ordinario,217,105,48.4,si,148.01,152.11
2024,INGENIERIA CIVIL TRASLADO INTERNO II,precatolica,122,65,53.3,si,115.44,154.39
2024,INGENIERIA CIVIL TRASLADO INTERNO II,rendimiento_superior,32,30,,no,142.95,201.13
2024,INGENIERIA CIVIL TRASLADO INTERNO II,traslado,5,4,,no,132.2,197.17
2024,INGENIERIA COMERCIAL,complementario,1,1,,no,111.83,111.83
2024,INGENIERIA COMERCIAL,convenio_cci,8,8,,no,145.2,222.08
2024,INGENIERIA COMERCIAL,ordinario,138,116,,no,121.17,151.99
2024,INGENIERIA COMERCIAL,precatolica,49,40,,no,122.43,155.29
2024,INGENIERIA COMERCIAL,rendimiento_superior,28,28,,no,143.7,189.65
2024,INGENIERIA DE INDUSTRIA ALIMENTARIA,beca,70,24,34.3,si,157.53,155.64
2024,INGENIERIA DE INDUSTRIA ALIMENTARIA,convenio_cci,1,1,,no,140.16,140.16
2024,INGENIERIA DE INDUSTRIA ALIMENTARIA,distancia,17,17,,no,86.27,165.0
2024,INGENIERIA DE INDUSTRIA ALIMENTARIA,ordinario,25,25,,no,107.58,136.51
2024,INGENIERIA DE INDUSTRIA ALIMENTARIA,precatolica,7,4,,si,124.34,124.34
2024,INGENIERIA DE INDUSTRIA ALIMENTARIA,rendimiento_superior,4,4,,no,172.53,196.96
2024,INGENIERIA DE MINAS,convenio_cci,7,7,,no,153.02,174.75
2024,INGENIERIA DE MINAS,ordinario,132,64,48.5,si,128.75,145.15
2024,INGENIERIA DE MINAS,precatolica,63,40,63.5,si,126.61,154.86
2024,INGENIERIA DE MINAS,rendimiento_superior,12,12,,no,171.99,194.95
2024,INGENIERIA DE SISTEMAS,convenio_cci,18,18,,no,117.11,176.96
2024,INGENIERIA DE SISTEMAS,ordinario,196,103,52.6,si,135.79,148.77
2024,INGENIERIA DE SISTEMAS,precatolica,100,69,69.0,si,102.53,146.39
2024,INGENIERIA DE SISTEMAS,rendimiento_superior,32,32,,no,163.2,207.51
2024,"INGENIERIA EN TELECOMUNICACIONES, REDES Y CONECTIVIDAD",complementario,5,3,,si,114.62,114.62
2024,"INGENIERIA EN TELECOMUNICACIONES, REDES Y CONECTIVIDAD",convenio_cci,1,1,,no,155.5,155.5
2024,"INGENIERIA EN TELECOMUNICACIONES, REDES Y CONECTIVIDAD",ordinario,14,14,,no,111.75,137.71
2024,"INGENIERIA EN TELECOMUNICACIONES, REDES Y CONECTIVIDAD",precatolica,1,1,,no,115.12,115.12
2024,INGENIERIA INDUSTRIAL TRASLADO INTERNO II,convenio_cci,20,19,,no,123.08,160.54
2024,INGENIERIA INDUSTRIAL TRASLADO INTERNO II,extraordinario,3,3,,no,,
2024,INGENIERIA INDUSTRIAL TRASLADO INTERNO II,ordinario,234,162,69.2,si,114.72,150.65
2024,INGENIERIA INDUSTRIAL TRASLADO INTERNO II,precatolica,94,70,74.5,si,108.81,151.43
2024,INGENIERIA INDUSTRIAL TRASLADO INTERNO II,rendimiento_superior,46,46,,no,154.83,195.14
2024,INGENIERIA INDUSTRIAL TRASLADO INTERNO II,traslado,5,5,,no,96.74,139.26
2024,INGENIERIA MECANICA ELECTRICA,complementario,2,2,,no,156.26,159.9
2024,INGENIERIA MECANICA ELECTRICA,convenio_cci,5,5,,no,155.11,199.46
2024,INGENIERIA MECANICA ELECTRICA,extraordinario,1,1,,no,,
2024,INGENIERIA MECANICA ELECTRICA,ordinario,126,108,,no,110.26,145.25
2024,INGENIERIA MECANICA ELECTRICA,precatolica,63,50,,no,110.38,157.12
2024,INGENIERIA MECANICA ELECTRICA,rendimiento_superior,20,20,,no,164.79,202.39
2024,INGENIERIA MECANICA ELECTRICA,traslado,2,2,,no,184.2,204.07
2024,INGENIERIA MECATRONICA,complementario,1,1,,no,213.37,213.37
2024,INGENIERIA MECATRONICA,convenio_cci,7,7,,no,134.99,185.49
2024,INGENIERIA MECATRONICA,ordinario,84,64,,no,118.0,150.74
2024,INGENIERIA MECATRONICA,precatolica,50,36,72.0,si,131.02,150.68
2024,INGENIERIA MECATRONICA,rendimiento_superior,28,24,,no,162.23,191.78
2024,MARKETING DIGITAL,beca,35,14,40.0,si,157.52,146.26
2024,MARKETING DIGITAL,distancia,17,16,,no,127.5,202.5
2024,MARKETING Y GESTION COMERCIAL,beca,52,22,42.3,si,157.51,157.51
2024,MARKETING Y GESTION COMERCIAL,distancia,28,26,,no,112.53,172.5
2024,MEDICINA HUMANA TRASLADO INTERNO II,convenio_cci,187,54,28.9,si,146.28,165.97
2024,MEDICINA HUMANA TRASLADO INTERNO II,extraordinario,14,14,,no,,
2024,MEDICINA HUMANA TRASLADO INTERNO II,ordinario,1408,115,8.2,si,188.65,169.24
2024,MEDICINA HUMANA TRASLADO INTERNO II,precatolica,2061,106,5.1,si,197.19,179.41
2024,MEDICINA HUMANA TRASLADO INTERNO II,rendimiento_superior,299,12,4.0,si,176.26,146.26
2024,MEDICINA HUMANA TRASLADO INTERNO II,traslado,35,10,28.6,si,132.77,164.03
2024,MEDICINA VETERINARIA Y ZOOTECNIA,complementario,2,2,,no,153.13,174.63
2024,MEDICINA VETERINARIA Y ZOOTECNIA,convenio_cci,9,9,,no,124.39,191.65
2024,MEDICINA VETERINARIA Y ZOOTECNIA,ordinario,206,115,55.8,si,113.43,140.19
2024,MEDICINA VETERINARIA Y ZOOTECNIA,precatolica,142,72,50.7,si,113.5,143.49
2024,MEDICINA VETERINARIA Y ZOOTECNIA,rendimiento_superior,16,16,,no,125.32,192.21
2024,MEDICINA VETERINARIA Y ZOOTECNIA,traslado,3,3,,no,106.13,155.48
2024,OBSTETRICIA Y PUERICULTURA,convenio_cci,16,16,,no,132.45,169.83
2024,OBSTETRICIA Y PUERICULTURA,ordinario,201,65,32.3,si,126.96,142.81
2024,OBSTETRICIA Y PUERICULTURA,precatolica,106,52,49.1,si,121.94,144.12
2024,OBSTETRICIA Y PUERICULTURA,rendimiento_superior,10,10,,no,164.09,182.82
2024,OBSTETRICIA Y PUERICULTURA,traslado,2,2,,no,139.67,143.75
2024,ODONTOLOGIA,convenio_cci,30,30,,no,128.94,183.21
2024,ODONTOLOGIA,ordinario,246,86,35.0,si,143.67,150.55
2024,ODONTOLOGIA,precatolica,167,84,50.3,si,151.0,155.34
2024,ODONTOLOGIA,rendimiento_superior,12,12,,no,146.07,183.2
2024,ODONTOLOGIA,traslado,1,1,,no,213.52,213.52
2024,PSICOLOGIA TRASLADO INTERNO II,complementario,1,1,,no,171.19,171.19
2024,PSICOLOGIA TRASLADO INTERNO II,convenio_cci,21,21,,no,135.12,183.41
2024,PSICOLOGIA TRASLADO INTERNO II,extraordinario,2,2,,no,,
2024,PSICOLOGIA TRASLADO INTERNO II,ordinario,329,105,31.9,si,161.09,154.32
2024,PSICOLOGIA TRASLADO INTERNO II,precatolica,194,65,33.5,si,148.31,148.45
2024,PSICOLOGIA TRASLADO INTERNO II,rendimiento_superior,48,34,70.8,si,167.8,195.85
2024,PSICOLOGIA TRASLADO INTERNO II,traslado,5,5,,no,130.14,172.66
2024,PUBLICIDAD Y MULTIMEDIA TRASLADO EXTERNO NACIONAL II,complementario,1,1,,no,152.55,152.55
2024,PUBLICIDAD Y MULTIMEDIA TRASLADO EXTERNO NACIONAL II,convenio_cci,7,7,,no,133.88,200.11
2024,PUBLICIDAD Y MULTIMEDIA TRASLADO EXTERNO NACIONAL II,extraordinario,2,2,,no,,
2024,PUBLICIDAD Y MULTIMEDIA TRASLADO EXTERNO NACIONAL II,ordinario,152,137,,no,108.97,148.47
2024,PUBLICIDAD Y MULTIMEDIA TRASLADO EXTERNO NACIONAL II,precatolica,67,57,,no,120.13,153.78
2024,PUBLICIDAD Y MULTIMEDIA TRASLADO EXTERNO NACIONAL II,rendimiento_superior,14,14,,no,125.77,187.51
2024,PUBLICIDAD Y MULTIMEDIA TRASLADO EXTERNO NACIONAL II,traslado,3,3,,no,139.06,154.26
2024,TECNOLOGIA MEDICA EN TERAPIA FISICA Y REHABILITACION,complementario,45,6,13.3,si,170.1,139.76
2024,TECNOLOGIA MEDICA EN TERAPIA FISICA Y REHABILITACION,convenio_cci,17,16,,no,148.14,171.6
2024,TECNOLOGIA MEDICA EN TERAPIA FISICA Y REHABILITACION,ordinario,129,42,32.6,si,136.23,145.97
2024,TECNOLOGIA MEDICA EN TERAPIA FISICA Y REHABILITACION,precatolica,13,10,,no,124.52,139.37
2024,TECNOLOGIA MEDICA EN TERAPIA FISICA Y REHABILITACION,traslado,1,1,,no,129.91,129.91
2024,TECNOLOGIA MEDICA EN TERAPIA FISICA Y RETHRAABSLIALDITOA ICNITOENRNO II,extraordinario,1,1,,no,,
2024,TEOLOGIA,beca,2,0,,si,,133.13
2024,TEOLOGIA,distancia,43,40,,no,30.0,163.13
2024,TRABAJO SOCIAL,beca,77,33,42.9,si,161.25,161.27
2024,TRABAJO SOCIAL,distancia,154,137,,no,37.51,161.26
2024,TURISMO Y GASTRONOMIA,beca,61,22,36.1,si,161.25,146.28
2024,TURISMO Y GASTRONOMIA,distancia,27,23,,no,116.25,165.0
2025,ADMINISTRACION DE EMPRESAS,convenio_cci,1,1,,no,239.51,239.51
2025,ADMINISTRACION DE EMPRESAS,extraordinario,3,3,,no,,
2025,ADMINISTRACION DE EMPRESAS,ordinario,167,164,,no,107.68,148.5
2025,ADMINISTRACION DE EMPRESAS,precatolica,48,41,,no,101.58,128.27
2025,ADMINISTRACION DE EMPRESAS,rendimiento_superior,4,4,,no,231.37,246.03
2025,ADMINISTRACION DE EMPRESAS,traslado,2,2,,no,,
2025,ADMINISTRACION Y NEGOCIOS INTERNACIONALES,beca,197,66,33.5,si,251.25,168.75
2025,ADMINISTRACION Y NEGOCIOS INTERNACIONALES,distancia,29,23,,no,71.25,187.5
2025,APRESTAMIENTO,precatolica,4,0,,si,,61.47
2025,ARQUITECTURA,convenio_cci,2,2,,no,252.9,253.64
2025,ARQUITECTURA,ordinario,115,109,,no,110.45,141.83
2025,ARQUITECTURA,precatolica,86,72,,no,90.45,127.54
2025,ARQUITECTURA,rendimiento_superior,16,16,,no,178.47,252.96
2025,CIENCIA POLITICA Y GOBIERNO,beca,67,43,64.2,si,187.5,206.25
2025,CIENCIA POLITICA Y GOBIERNO,distancia,28,26,,no,82.5,168.75
2025,CIENCIA POLITICA Y GOBIERNO,extraordinario,2,2,,no,,
2025,CIENCIA POLITICA Y GOBIERNO,ordinario,37,36,,no,106.94,149.54
2025,CIENCIA POLITICA Y GOBIERNO,precatolica,11,9,,no,107.1,125.95
2025,CIENCIA POLITICA Y GOBIERNO,rendimiento_superior,6,6,,no,233.08,247.79
2025,COMUNICACION SOCIAL TRASLADO INTERNO II,convenio_cci,2,2,,no,241.3,260.41
2025,COMUNICACION SOCIAL TRASLADO INTERNO II,extraordinario,2,2,,no,,
2025,COMUNICACION SOCIAL TRASLADO INTERNO II,ordinario,47,43,,no,121.92,149.83
2025,COMUNICACION SOCIAL TRASLADO INTERNO II,precatolica,17,16,,no,83.16,142.03
2025,COMUNICACION SOCIAL TRASLADO INTERNO II,rendimiento_superior,2,2,,no,243.0,244.81
2025,CONTABILIDAD,beca,203,118,58.1,si,108.75,210.0
2025,CONTABILIDAD,convenio_cci,1,1,,no,240.07,240.07
2025,CONTABILIDAD,distancia,49,45,,no,60.75,180.0
2025,CONTABILIDAD,extraordinario,1,1,,no,,
2025,CONTABILIDAD,ordinario,48,47,,no,108.1,155.44
2025,CONTABILIDAD,precatolica,13,12,,no,105.0,142.57
2025,DERECHO TRASLADO INTERNO II,convenio_cci,8,8,,no,205.25,239.26
2025,DERECHO TRASLADO INTERNO II,extraordinario,13,13,,no,,
2025,DERECHO TRASLADO INTERNO II,ordinario,230,133,57.8,si,155.4,164.07
2025,DERECHO TRASLADO INTERNO II,precatolica,197,146,74.1,si,111.31,133.97
2025,DERECHO TRASLADO INTERNO II,rendimiento_superior,32,25,,no,216.88,242.21
2025,DERECHO TRASLADO INTERNO II,traslado,8,8,,no,,
2025,DISENO GRAFICO PUBLICITARIO,beca,66,31,47.0,si,191.25,204.38
2025,DISENO GRAFICO PUBLICITARIO,distancia,20,17,,no,105.0,165.0
2025,ECONOMIA Y FINANZAS,beca,109,69,63.3,si,187.5,206.25
2025,ECONOMIA Y FINANZAS,distancia,47,46,,no,60.0,168.75
2025,EDUCACION INICIAL,extraordinario,1,1,,no,,
2025,EDUCACION INICIAL,ordinario,26,25,,no,125.24,147.64
2025,EDUCACION INICIAL,precatolica,13,11,,no,99.44,111.81
2025,EDUCACION INICIAL,rendimiento_superior,3,3,,no,250.26,255.89
2025,EDUCACION SECUNDARIA,beca,39,18,46.2,si,195.0,208.12
2025,EDUCACION SECUNDARIA,distancia,57,47,,no,60.0,172.5
2025,ENFERMERIA,extraordinario,11,10,,no,,
2025,ENFERMERIA,ordinario,189,85,45.0,si,132.16,146.89
2025,ENFERMERIA,precatolica,173,68,39.3,si,107.82,126.25
2025,ENFERMERIA,rendimiento_superior,15,15,,no,212.81,240.22
2025,ENFERMERIA,traslado,3,3,,no,,
2025,FARMACIA Y BIOQUIMICA,extraordinario,8,8,,no,,
2025,FARMACIA Y BIOQUIMICA,ordinario,130,121,,no,99.65,144.64
2025,FARMACIA Y BIOQUIMICA,precatolica,53,45,,no,74.85,118.44
2025,FARMACIA Y BIOQUIMICA,rendimiento_superior,5,4,,no,194.34,228.26
2025,FARMACIA Y BIOQUIMICA,traslado,1,1,,no,,
2025,INGENIERIA AGRONOMICA Y AGRICOLA,beca,65,24,36.9,si,191.25,174.38
2025,INGENIERIA AGRONOMICA Y AGRICOLA,distancia,225,166,73.8,si,26.25,136.12
2025,INGENIERIA AMBIENTAL TRASLADO INTERNO II,convenio_cci,2,2,,no,256.45,257.53
2025,INGENIERIA AMBIENTAL TRASLADO INTERNO II,ordinario,66,64,,no,104.02,142.12
2025,INGENIERIA AMBIENTAL TRASLADO INTERNO II,precatolica,17,14,,no,95.15,113.92
2025,INGENIERIA AMBIENTAL TRASLADO INTERNO II,rendimiento_superior,8,6,,si,229.62,242.15
2025,INGENIERIA BIOTECNOLOGICA,convenio_cci,2,2,,no,259.6,267.07
2025,INGENIERIA BIOTECNOLOGICA,extraordinario,6,6,,no,,
2025,INGENIERIA BIOTECNOLOGICA,ordinario,73,72,,no,108.52,161.1
2025,INGENIERIA BIOTECNOLOGICA,precatolica,19,18,,no,75.9,138.07
2025,INGENIERIA BIOTECNOLOGICA,rendimiento_superior,15,12,,no,230.99,253.46
2025,INGENIERIA CIVIL TRASLADO INTERNO II,convenio_cci,2,2,,no,211.81,226.24
2025,INGENIERIA CIVIL TRASLADO INTERNO II,extraordinario,11,9,,no,,
2025,INGENIERIA CIVIL TRASLADO INTERNO II,ordinario,144,125,,no,119.26,149.26
2025,INGENIERIA CIVIL TRASLADO INTERNO II,precatolica,74,61,,no,90.52,127.6
2025,INGENIERIA CIVIL TRASLADO INTERNO II,rendimiento_superior,21,19,,no,201.65,252.15
2025,INGENIERIA COMERCIAL,convenio_cci,3,3,,no,229.99,229.99
2025,INGENIERIA COMERCIAL,extraordinario,3,3,,no,,
2025,INGENIERIA COMERCIAL,ordinario,111,99,,no,126.03,153.12
2025,INGENIERIA COMERCIAL,precatolica,48,44,,no,89.96,134.26
2025,INGENIERIA COMERCIAL,rendimiento_superior,12,12,,no,182.61,243.1
2025,INGENIERIA COMERCIAL,traslado,1,1,,no,,
2025,INGENIERIA DE INDUSTRIA ALIMENTARIA,beca,40,17,42.5,si,187.5,181.88
2025,INGENIERIA DE INDUSTRIA ALIMENTARIA,distancia,35,29,,no,67.5,168.75
2025,INGENIERIA DE MINAS,convenio_cci,2,2,,no,251.27,257.35
2025,INGENIERIA DE MINAS,extraordinario,9,9,,no,,
2025,INGENIERIA DE MINAS,ordinario,92,51,55.4,si,144.5,146.37
2025,INGENIERIA DE MINAS,precatolica,73,50,68.5,si,98.19,118.04
2025,INGENIERIA DE MINAS,rendimiento_superior,12,12,,no,231.14,245.4
2025,INGENIERIA DE MINAS,traslado,2,2,,no,,
2025,INGENIERIA DE SISTEMAS,convenio_cci,4,4,,no,217.09,239.05
2025,INGENIERIA DE SISTEMAS,extraordinario,5,5,,no,,
2025,INGENIERIA DE SISTEMAS,ordinario,142,124,,no,125.59,142.87
2025,INGENIERIA DE SISTEMAS,precatolica,82,65,,no,97.98,126.57
2025,INGENIERIA DE SISTEMAS,rendimiento_superior,15,15,,no,190.67,256.71
2025,INGENIERIA INDUSTRIAL TRASLADO INTERNO II,convenio_cci,9,9,,no,221.28,249.69
2025,INGENIERIA INDUSTRIAL TRASLADO INTERNO II,extraordinario,10,10,,no,,
2025,INGENIERIA INDUSTRIAL TRASLADO INTERNO II,ordinario,166,116,69.9,si,128.22,147.98
2025,INGENIERIA INDUSTRIAL TRASLADO INTERNO II,precatolica,143,115,,no,104.16,128.17
2025,INGENIERIA INDUSTRIAL TRASLADO INTERNO II,rendimiento_superior,44,22,50.0,si,225.71,248.78
2025,INGENIERIA INDUSTRIAL TRASLADO INTERNO II,traslado,6,6,,no,,
2025,INGENIERIA MECANICA ELECTRICA,convenio_cci,1,1,,no,244.22,244.22
2025,INGENIERIA MECANICA ELECTRICA,extraordinario,1,1,,no,,
2025,INGENIERIA MECANICA ELECTRICA,ordinario,102,97,,no,103.78,144.31
2025,INGENIERIA MECANICA ELECTRICA,precatolica,39,33,,no,98.03,129.03
2025,INGENIERIA MECANICA ELECTRICA,rendimiento_superior,5,5,,no,204.82,221.57
2025,INGENIERIA MECANICA ELECTRICA,traslado,2,2,,no,,
2025,INGENIERIA MECATRONICA,convenio_cci,6,6,,no,207.51,233.0
2025,INGENIERIA MECATRONICA,extraordinario,5,4,,no,,
2025,INGENIERIA MECATRONICA,ordinario,88,55,62.5,si,116.75,147.17
2025,INGENIERIA MECATRONICA,precatolica,51,36,70.6,si,112.07,136.25
2025,INGENIERIA MECATRONICA,rendimiento_superior,13,8,,si,248.0,248.46
2025,INGENIERIA MECATRONICA,traslado,1,1,,no,,
2025,MARKETING DIGITAL,beca,32,19,59.4,si,191.25,225.0
2025,MARKETING DIGITAL,distancia,18,15,,no,18.75,187.5
2025,MARKETING Y GESTION COMERCIAL,beca,45,33,73.3,si,187.5,213.75
2025,MARKETING Y GESTION COMERCIAL,distancia,15,14,,no,90.0,181.88
2025,MEDICINA HUMANA TRASLADO INTERNO II,convenio_cci,58,11,19.0,si,142.51,123.76
2025,MEDICINA HUMANA TRASLADO INTERNO II,extraordinario,144,28,19.4,si,,
2025,MEDICINA HUMANA TRASLADO INTERNO II,ordinario,866,85,9.8,si,186.58,167.45
2025,MEDICINA HUMANA TRASLADO INTERNO II,precatolica,1444,78,5.4,si,160.61,143.42
2025,MEDICINA HUMANA TRASLADO INTERNO II,rendimiento_superior,251,14,5.6,si,146.25,116.26
2025,MEDICINA HUMANA TRASLADO INTERNO II,traslado,6,6,,no,,
2025,MEDICINA VETERINARIA Y ZOOTECNIA,convenio_cci,1,1,,no,249.08,249.08
2025,MEDICINA VETERINARIA Y ZOOTECNIA,extraordinario,8,8,,no,,
2025,MEDICINA VETERINARIA Y ZOOTECNIA,ordinario,119,85,71.4,si,124.23,141.69
2025,MEDICINA VETERINARIA Y ZOOTECNIA,precatolica,122,76,62.3,si,107.18,123.71
2025,MEDICINA VETERINARIA Y ZOOTECNIA,rendimiento_superior,11,11,,no,194.14,229.35
2025,MEDICINA VETERINARIA Y ZOOTECNIA,traslado,3,3,,no,,
2025,OBSTETRICIA Y PUERICULTURA,extraordinario,1,1,,no,,
2025,OBSTETRICIA Y PUERICULTURA,ordinario,116,91,,no,116.39,143.83
2025,OBSTETRICIA Y PUERICULTURA,precatolica,69,46,66.7,si,92.28,116.68
2025,OBSTETRICIA Y PUERICULTURA,rendimiento_superior,4,4,,no,213.71,249.71
2025,ODONTOLOGIA,convenio_cci,3,3,,no,224.03,247.66
2025,ODONTOLOGIA,extraordinario,6,6,,no,,
2025,ODONTOLOGIA,ordinario,164,85,51.8,si,146.46,150.03
2025,ODONTOLOGIA,precatolica,175,67,38.3,si,115.85,122.42
2025,ODONTOLOGIA,rendimiento_superior,24,14,58.3,si,230.99,249.05
2025,ODONTOLOGIA,traslado,2,2,,no,,
2025,PSICOLOGIA TRASLADO INTERNO II,convenio_cci,2,2,,no,248.04,248.32
2025,PSICOLOGIA TRASLADO INTERNO II,extraordinario,5,5,,no,,
2025,PSICOLOGIA TRASLADO INTERNO II,ordinario,184,95,51.6,si,152.27,159.39
2025,PSICOLOGIA TRASLADO INTERNO II,precatolica,140,94,67.1,si,96.22,129.17
2025,PSICOLOGIA TRASLADO INTERNO II,rendimiento_superior,19,18,,no,165.42,223.87
2025,PSICOLOGIA TRASLADO INTERNO II,traslado,6,6,,no,,
2025,PUBLICIDAD Y MULTIMEDIA TRASLADO EXTERNO NACIONAL II,convenio_cci,2,2,,no,239.59,248.89
2025,PUBLICIDAD Y MULTIMEDIA TRASLADO EXTERNO NACIONAL II,extraordinario,6,6,,no,,
2025,PUBLICIDAD Y MULTIMEDIA TRASLADO EXTERNO NACIONAL II,ordinario,120,110,,no,115.01,154.59
2025,PUBLICIDAD Y MULTIMEDIA TRASLADO EXTERNO NACIONAL II,precatolica,50,40,,no,101.81,126.72
2025,PUBLICIDAD Y MULTIMEDIA TRASLADO EXTERNO NACIONAL II,rendimiento_superior,6,6,,no,229.76,242.31
2025,PUBLICIDAD Y MULTIMEDIA TRASLADO EXTERNO NACIONAL II,traslado,1,1,,no,,
2025,TECNOLOGIA MEDICA EN TERAPIA FISICA Y REHABILITACION,convenio_cci,1,1,,no,227.71,227.71
2025,TECNOLOGIA MEDICA EN TERAPIA FISICA Y REHABILITACION,extraordinario,5,5,,no,,
2025,TECNOLOGIA MEDICA EN TERAPIA FISICA Y REHABILITACION,ordinario,83,29,34.9,si,148.31,146.13
2025,TECNOLOGIA MEDICA EN TERAPIA FISICA Y REHABILITACION,precatolica,71,31,43.7,si,119.1,127.28
2025,TECNOLOGIA MEDICA EN TERAPIA FISICA Y REHABILITACION,rendimiento_superior,12,5,,si,257.19,255.06
2025,TECNOLOGIA MEDICA EN TERAPIA FISICA Y REHABILITACION,traslado,1,1,,no,,
2025,TEOLOGIA,beca,1,1,,no,217.5,217.5
2025,TEOLOGIA,distancia,31,26,,no,71.25,151.88
2025,TRABAJO SOCIAL,beca,72,42,58.3,si,198.75,213.75
2025,TRABAJO SOCIAL,distancia,55,47,,no,48.75,157.5
2025,TURISMO Y GASTRONOMIA,beca,37,20,54.1,si,187.5,213.75
2025,TURISMO Y GASTRONOMIA,distancia,31,27,,no,93.75,168.75
2026,ADMINISTRACION DE EMPRESAS,convenio_cci,11,11,,no,156.72,228.72
2026,ADMINISTRACION DE EMPRESAS,ordinario,131,131,,no,89.06,120.4
2026,ADMINISTRACION DE EMPRESAS,precatolica,23,23,,no,83.52,120.63
2026,ADMINISTRACION DE EMPRESAS,rendimiento_superior,14,14,,no,213.67,249.0
2026,ADMINISTRACION Y GESTION PUBLICA,beca,14,14,,no,254.99,273.76
2026,ADMINISTRACION Y GESTION PUBLICA,distancia,11,11,,no,71.24,205.48
2026,ADMINISTRACION Y MARKETING,beca,6,6,,no,255.0,270.01
2026,ADMINISTRACION Y MARKETING,distancia,14,14,,no,112.5,180.0
2026,ADMINISTRACION Y NEGOCIOS INTERNACIONALES,beca,22,22,,no,101.26,270.0
2026,ADMINISTRACION Y NEGOCIOS INTERNACIONALES,distancia,30,30,,no,90.0,200.62
2026,ARQUITECTURA,convenio_cci,11,11,,no,113.62,229.43
2026,ARQUITECTURA,ordinario,110,110,,no,90.58,115.69
2026,ARQUITECTURA,precatolica,33,33,,no,88.88,124.51
2026,ARQUITECTURA,rendimiento_superior,29,20,69.0,si,223.84,237.78
2026,CIENCIA POLITICA Y GOBIERNO,beca,7,7,,no,262.51,270.01
2026,CIENCIA POLITICA Y GOBIERNO,convenio_cci,5,5,,no,108.02,255.85
2026,CIENCIA POLITICA Y GOBIERNO,distancia,25,25,,no,86.25,221.99
2026,CIENCIA POLITICA Y GOBIERNO,ordinario,33,33,,no,105.22,128.17
2026,CIENCIA POLITICA Y GOBIERNO,precatolica,7,7,,no,84.7,118.6
2026,CIENCIA POLITICA Y GOBIERNO,rendimiento_superior,6,4,,si,248.87,249.81
2026,COMUNICACION SOCIAL TRASLADO INTERNO II,convenio_cci,2,2,,no,179.38,228.7
2026,COMUNICACION SOCIAL TRASLADO INTERNO II,ordinario,38,38,,no,96.92,136.44
2026,COMUNICACION SOCIAL TRASLADO INTERNO II,precatolica,10,10,,no,75.93,121.76
2026,COMUNICACION SOCIAL TRASLADO INTERNO II,rendimiento_superior,9,5,,si,236.85,236.85
2026,CONTABILIDAD,beca,19,19,,no,266.25,273.75
2026,CONTABILIDAD,convenio_cci,4,4,,no,171.6,216.02
2026,CONTABILIDAD,distancia,37,37,,no,68.99,182.9
2026,CONTABILIDAD,ordinario,41,41,,no,95.2,118.23
2026,CONTABILIDAD,precatolica,6,6,,no,88.29,133.0
2026,CONTABILIDAD,rendimiento_superior,4,4,,no,203.01,245.11
2026,DERECHO TRASLADO INTERNO II,convenio_cci,28,28,,no,114.01,233.49
2026,DERECHO TRASLADO INTERNO II,extraordinario,3,3,,no,262.83,265.24
2026,DERECHO TRASLADO INTERNO II,ordinario,208,208,,no,77.99,143.54
2026,DERECHO TRASLADO INTERNO II,precatolica,95,95,,no,94.64,129.93
2026,DERECHO TRASLADO INTERNO II,rendimiento_superior,36,25,69.4,si,227.65,248.22
2026,DERECHO TRASLADO INTERNO II,traslado,6,6,,no,99.66,171.9
2026,DISENO GRAFICO PUBLICITARIO,beca,10,10,,no,221.25,266.26
2026,DISENO GRAFICO PUBLICITARIO,distancia,8,8,,no,82.5,232.5
2026,ECONOMIA Y FINANZAS,beca,21,21,,no,266.25,270.0
2026,ECONOMIA Y FINANZAS,distancia,13,13,,no,108.74,198.75
2026,EDUCACION INICIAL,beca,5,5,,no,270.0,273.75
2026,EDUCACION INICIAL,convenio_cci,1,1,,no,258.0,258.0
2026,EDUCACION INICIAL,distancia,20,20,,no,78.77,127.5
2026,EDUCACION INICIAL,ordinario,26,26,,no,88.95,122.38
2026,EDUCACION INICIAL,precatolica,11,11,,no,78.07,120.09
2026,EDUCACION INICIAL,rendimiento_superior,5,5,,no,221.93,232.62
2026,EDUCACION INICIAL,traslado,1,1,,no,79.96,79.96
2026,EDUCACION PRIMARIA,beca,4,4,,no,266.25,271.87
2026,EDUCACION PRIMARIA,distancia,11,11,,no,75.2,213.76
2026,EDUCACION SECUNDARIA,beca,4,4,,no,266.25,270.0
2026,EDUCACION SECUNDARIA,distancia,27,26,,no,51.0,195.0
2026,ENFERMERIA,convenio_cci,22,22,,no,78.01,173.27
2026,ENFERMERIA,ordinario,93,93,,no,111.73,132.46
2026,ENFERMERIA,precatolica,45,45,,no,100.41,128.19
2026,ENFERMERIA,rendimiento_superior,25,16,64.0,si,230.69,242.13
2026,ENFERMERIA,traslado,4,4,,no,88.38,170.92
2026,FARMACIA Y BIOQUIMICA,convenio_cci,11,11,,no,114.02,195.03
2026,FARMACIA Y BIOQUIMICA,ordinario,104,104,,no,83.38,120.28
2026,FARMACIA Y BIOQUIMICA,precatolica,20,20,,no,87.28,116.02
2026,FARMACIA Y BIOQUIMICA,rendimiento_superior,13,12,,no,198.52,228.26
2026,INGENIERIA AGRONOMICA Y AGRICOLA,beca,5,5,,no,119.99,266.25
2026,INGENIERIA AGRONOMICA Y AGRICOLA,distancia,121,120,,no,65.99,146.25
2026,INGENIERIA AMBIENTAL TRASLADO INTERNO II,ordinario,58,58,,no,88.91,115.84
2026,INGENIERIA AMBIENTAL TRASLADO INTERNO II,precatolica,12,12,,no,90.49,122.0
2026,INGENIERIA AMBIENTAL TRASLADO INTERNO II,rendimiento_superior,8,8,,no,242.12,249.04
2026,INGENIERIA AMBIENTAL TRASLADO INTERNO II,traslado,1,1,,no,146.12,146.12
2026,INGENIERIA BIOMEDICA,convenio_cci,14,14,,no,108.01,141.0
2026,INGENIERIA BIOMEDICA,extraordinario,2,2,,no,262.58,268.49
2026,INGENIERIA BIOMEDICA,ordinario,69,69,,no,86.29,148.61
2026,INGENIERIA BIOMEDICA,precatolica,5,5,,no,72.23,121.41
2026,INGENIERIA BIOMEDICA,traslado,1,1,,no,116.36,116.36
2026,INGENIERIA BIOTECNOLOGICA,convenio_cci,15,15,,no,120.01,254.96
2026,INGENIERIA BIOTECNOLOGICA,ordinario,65,65,,no,102.7,148.36
2026,INGENIERIA BIOTECNOLOGICA,precatolica,21,21,,no,100.33,132.99
2026,INGENIERIA BIOTECNOLOGICA,rendimiento_superior,11,9,,no,242.81,256.71
2026,INGENIERIA BIOTECNOLOGICA,traslado,2,2,,no,126.04,193.99
2026,INGENIERIA CIVIL TRASLADO INTERNO II,convenio_cci,17,17,,no,102.0,225.85
2026,INGENIERIA CIVIL TRASLADO INTERNO II,ordinario,160,160,,no,85.63,122.05
2026,INGENIERIA CIVIL TRASLADO INTERNO II,precatolica,30,30,,no,77.88,126.49
2026,INGENIERIA CIVIL TRASLADO INTERNO II,rendimiento_superior,27,17,63.0,si,231.24,257.35
2026,INGENIERIA COMERCIAL,convenio_cci,9,9,,no,114.01,237.93
2026,INGENIERIA COMERCIAL,extraordinario,1,1,,no,108.0,108.0
2026,INGENIERIA COMERCIAL,ordinario,122,122,,no,95.12,130.21
2026,INGENIERIA COMERCIAL,precatolica,37,37,,no,71.7,125.92
2026,INGENIERIA COMERCIAL,rendimiento_superior,17,14,,no,227.21,257.41
2026,INGENIERIA COMERCIAL,traslado,2,2,,no,121.93,124.84
2026,INGENIERIA DE INDUSTRIA ALIMENTARIA,beca,6,6,,no,105.01,266.25
2026,INGENIERIA DE INDUSTRIA ALIMENTARIA,distancia,15,15,,no,97.5,161.25
2026,INGENIERIA DE MINAS,convenio_cci,9,9,,no,132.41,245.84
2026,INGENIERIA DE MINAS,ordinario,84,84,,no,80.56,130.24
2026,INGENIERIA DE MINAS,precatolica,44,44,,no,102.45,122.27
2026,INGENIERIA DE MINAS,rendimiento_superior,24,15,62.5,si,238.86,244.38
2026,INGENIERIA DE MINAS,traslado,2,2,,no,118.23,186.54
2026,INGENIERIA DE SEGURIDAD INDUSTRIAL Y MINERA,beca,60,60,,no,236.25,273.76
2026,INGENIERIA DE SEGURIDAD INDUSTRIAL Y MINERA,distancia,60,60,,no,72.0,220.52
2026,INGENIERIA DE SISTEMAS,convenio_cci,15,15,,no,120.0,244.39
2026,INGENIERIA DE SISTEMAS,ordinario,155,155,,no,73.09,120.82
2026,INGENIERIA DE SISTEMAS,precatolica,34,34,,no,87.31,120.17
2026,INGENIERIA DE SISTEMAS,rendimiento_superior,25,13,52.0,si,228.83,232.42
2026,INGENIERIA DE SISTEMAS,traslado,1,1,,no,234.85,234.85
2026,INGENIERIA EN INTELIGENCIA ARTIFICIAL,convenio_cci,4,4,,no,84.0,226.08
2026,INGENIERIA EN INTELIGENCIA ARTIFICIAL,ordinario,49,49,,no,96.11,123.7
2026,INGENIERIA EN INTELIGENCIA ARTIFICIAL,precatolica,3,3,,no,127.41,133.39
2026,INGENIERIA INDUSTRIAL TRASLADO INTERNO II,convenio_cci,34,34,,no,102.0,250.66
2026,INGENIERIA INDUSTRIAL TRASLADO INTERNO II,extraordinario,1,1,,no,255.57,255.57
2026,INGENIERIA INDUSTRIAL TRASLADO INTERNO II,ordinario,182,182,,no,88.87,125.35
2026,INGENIERIA INDUSTRIAL TRASLADO INTERNO II,precatolica,73,73,,no,82.41,122.12
2026,INGENIERIA INDUSTRIAL TRASLADO INTERNO II,rendimiento_superior,32,26,,no,225.69,244.03
2026,INGENIERIA INDUSTRIAL TRASLADO INTERNO II,traslado,4,4,,no,83.66,119.41
2026,INGENIERIA MECANICA ELECTRICA,convenio_cci,11,11,,no,114.01,229.01
2026,INGENIERIA MECANICA ELECTRICA,ordinario,89,89,,no,98.69,124.35
2026,INGENIERIA MECANICA ELECTRICA,precatolica,32,32,,no,75.99,127.0
2026,INGENIERIA MECANICA ELECTRICA,rendimiento_superior,17,16,,no,221.25,240.17
2026,INGENIERIA MECANICA ELECTRICA,traslado,2,2,,no,89.69,99.24
2026,INGENIERIA MECATRONICA,convenio_cci,16,16,,no,142.33,252.93
2026,INGENIERIA MECATRONICA,ordinario,59,59,,no,92.62,133.75
2026,INGENIERIA MECATRONICA,precatolica,18,18,,no,105.72,137.31
2026,INGENIERIA MECATRONICA,rendimiento_superior,14,8,,si,227.68,242.38
2026,INGENIERIA MECATRONICA,traslado,2,2,,no,130.75,152.16
2026,MEDICINA HUMANA TRASLADO INTERNO II,convenio_cci,99,40,40.4,si,138.0,131.99
2026,MEDICINA HUMANA TRASLADO INTERNO II,ordinario,88,88,,no,171.08,190.14
2026,MEDICINA HUMANA TRASLADO INTERNO II,precatolica,52,52,,no,165.85,186.17
2026,MEDICINA HUMANA TRASLADO INTERNO II,rendimiento_superior,355,11,3.1,si,156.0,113.98
2026,MEDICINA HUMANA TRASLADO INTERNO II,traslado,5,5,,no,151.82,156.01
2026,MEDICINA VETERINARIA Y ZOOTECNIA,convenio_cci,12,12,,no,102.01,167.51
2026,MEDICINA VETERINARIA Y ZOOTECNIA,extraordinario,2,2,,no,83.99,144.55
2026,MEDICINA VETERINARIA Y ZOOTECNIA,ordinario,111,111,,no,77.99,122.07
2026,MEDICINA VETERINARIA Y ZOOTECNIA,precatolica,48,48,,no,113.32,127.83
2026,MEDICINA VETERINARIA Y ZOOTECNIA,rendimiento_superior,10,10,,no,225.96,235.55
2026,MEDICINA VETERINARIA Y ZOOTECNIA,traslado,2,2,,no,77.44,155.22
2026,OBSTETRICIA Y PUERICULTURA,convenio_cci,5,5,,no,215.77,231.31
2026,OBSTETRICIA Y PUERICULTURA,ordinario,104,104,,no,81.36,118.21
2026,OBSTETRICIA Y PUERICULTURA,precatolica,16,16,,no,78.43,125.78
2026,OBSTETRICIA Y PUERICULTURA,rendimiento_superior,6,6,,no,215.0,241.98
2026,OBSTETRICIA Y PUERICULTURA,traslado,2,2,,no,89.36,90.99
2026,ODONTOLOGIA,convenio_cci,17,17,,no,83.99,150.0
2026,ODONTOLOGIA,ordinario,87,87,,no,112.83,130.78
2026,ODONTOLOGIA,precatolica,52,52,,no,112.93,128.67
2026,ODONTOLOGIA,rendimiento_superior,20,18,,no,191.14,242.18
2026,ODONTOLOGIA,traslado,4,4,,no,93.35,122.88
2026,PSICOLOGIA TRASLADO INTERNO II,convenio_cci,17,17,,no,84.0,221.42
2026,PSICOLOGIA TRASLADO INTERNO II,ordinario,108,108,,no,116.06,141.75
2026,PSICOLOGIA TRASLADO INTERNO II,precatolica,52,52,,no,72.64,134.85
2026,PSICOLOGIA TRASLADO INTERNO II,rendimiento_superior,20,19,,no,210.62,239.81
2026,PSICOLOGIA TRASLADO INTERNO II,traslado,1,1,,no,122.14,122.14
2026,PUBLICIDAD Y MULTIMEDIA TRASLADO EXTERNO NACIONAL II,convenio_cci,4,4,,no,241.12,249.5
2026,PUBLICIDAD Y MULTIMEDIA TRASLADO EXTERNO NACIONAL II,ordinario,112,112,,no,92.99,129.89
2026,PUBLICIDAD Y MULTIMEDIA TRASLADO EXTERNO NACIONAL II,precatolica,18,18,,no,97.57,132.05
2026,PUBLICIDAD Y MULTIMEDIA TRASLADO EXTERNO NACIONAL II,rendimiento_superior,5,5,,no,191.38,253.45
2026,PUBLICIDAD Y MULTIMEDIA TRASLADO EXTERNO NACIONAL II,traslado,1,1,,no,117.18,117.18
2026,TECNOLOGIA MEDICA EN TERAPIA FISICA Y REHABILITACION,convenio_cci,10,9,,no,84.02,192.63
2026,TECNOLOGIA MEDICA EN TERAPIA FISICA Y REHABILITACION,ordinario,30,30,,no,121.72,139.91
2026,TECNOLOGIA MEDICA EN TERAPIA FISICA Y REHABILITACION,precatolica,23,23,,no,90.85,123.88
2026,TECNOLOGIA MEDICA EN TERAPIA FISICA Y REHABILITACION,rendimiento_superior,7,4,,si,250.72,250.72
2026,TECNOLOGIA MEDICA EN TERAPIA FISICA Y REHABILITACION,traslado,1,1,,no,263.16,263.16
2026,TEOLOGIA,distancia,23,23,,no,48.73,153.75
2026,TRABAJO SOCIAL,beca,14,14,,no,247.49,268.12
2026,TRABAJO SOCIAL,distancia,52,51,,no,41.25,142.5
2026,TURISMO Y GASTRONOMIA,beca,5,5,,no,266.25,273.75
2026,TURISMO Y GASTRONOMIA,distancia,13,13,,no,78.75,157.5
2027,ADMINISTRACION DE EMPRESAS,convenio_cci,9,9,,no,241.3,251.15
2027,ADMINISTRACION DE EMPRESAS,ordinario,48,48,,no,81.0,121.47
2027,ADMINISTRACION DE EMPRESAS,precatolica,9,9,,no,105.76,126.1
2027,ADMINISTRACION DE EMPRESAS,rendimiento_superior,8,8,,no,221.21,229.75
2027,ARQUITECTURA,convenio_cci,11,11,,no,239.62,254.88
2027,ARQUITECTURA,ordinario,29,29,,no,92.22,118.2
2027,ARQUITECTURA,precatolica,9,9,,no,98.9,124.38
2027,ARQUITECTURA,rendimiento_superior,8,8,,no,230.41,244.19
2027,CIENCIA POLITICA Y GOBIERNO,convenio_cci,4,4,,no,249.08,253.4
2027,CIENCIA POLITICA Y GOBIERNO,ordinario,8,8,,no,117.74,145.13
2027,CIENCIA POLITICA Y GOBIERNO,precatolica,1,1,,no,127.27,127.27
2027,CIENCIA POLITICA Y GOBIERNO,rendimiento_superior,6,6,,no,113.6,256.53
2027,COMUNICACION SOCIAL TRASLADO INTERNO II,convenio_cci,1,1,,no,236.22,236.22
2027,COMUNICACION SOCIAL TRASLADO INTERNO II,ordinario,11,11,,no,111.9,134.49
2027,COMUNICACION SOCIAL TRASLADO INTERNO II,precatolica,3,3,,no,100.8,127.44
2027,COMUNICACION SOCIAL TRASLADO INTERNO II,rendimiento_superior,5,5,,no,247.62,252.77
2027,CONTABILIDAD,convenio_cci,1,1,,no,266.38,266.38
2027,CONTABILIDAD,ordinario,9,9,,no,98.99,132.15
2027,CONTABILIDAD,precatolica,2,2,,no,120.01,130.96
2027,CONTABILIDAD,rendimiento_superior,1,1,,no,198.99,198.99
2027,DERECHO TRASLADO INTERNO II,convenio_cci,28,28,,no,230.65,251.01
2027,DERECHO TRASLADO INTERNO II,ordinario,96,96,,no,99.97,131.53
2027,DERECHO TRASLADO INTERNO II,precatolica,43,43,,no,99.94,137.95
2027,DERECHO TRASLADO INTERNO II,rendimiento_superior,21,21,,no,249.53,275.35
2027,EDUCACION INICIAL,convenio_cci,1,1,,no,238.83,238.83
2027,EDUCACION INICIAL,ordinario,11,11,,no,96.19,117.66
2027,EDUCACION INICIAL,precatolica,3,3,,no,100.9,120.61
2027,EDUCACION INICIAL,rendimiento_superior,4,4,,no,234.61,254.02
2027,ENFERMERIA,convenio_cci,5,5,,no,228.31,236.38
2027,ENFERMERIA,ordinario,47,47,,no,99.7,127.99
2027,ENFERMERIA,precatolica,32,32,,no,101.54,121.07
2027,ENFERMERIA,rendimiento_superior,14,14,,no,229.62,257.65
2027,FARMACIA Y BIOQUIMICA,convenio_cci,3,3,,no,236.44,254.7
2027,FARMACIA Y BIOQUIMICA,ordinario,29,29,,no,78.0,120.51
2027,FARMACIA Y BIOQUIMICA,precatolica,7,7,,no,109.81,119.68
2027,FARMACIA Y BIOQUIMICA,rendimiento_superior,6,6,,no,235.97,258.19
2027,INGENIERIA AMBIENTAL TRASLADO INTERNO II,convenio_cci,1,1,,no,265.35,265.35
2027,INGENIERIA AMBIENTAL TRASLADO INTERNO II,ordinario,7,7,,no,94.82,117.52
2027,INGENIERIA AMBIENTAL TRASLADO INTERNO II,precatolica,3,3,,no,102.79,113.53
2027,INGENIERIA AMBIENTAL TRASLADO INTERNO II,rendimiento_superior,2,2,,no,249.99,257.23
2027,INGENIERIA BIOMEDICA,convenio_cci,1,1,,no,287.08,287.08
2027,INGENIERIA BIOMEDICA,ordinario,20,20,,no,99.52,122.48
2027,INGENIERIA BIOMEDICA,precatolica,3,3,,no,78.15,124.48
2027,INGENIERIA BIOMEDICA,rendimiento_superior,5,5,,no,224.31,235.8
2027,INGENIERIA BIOTECNOLOGICA,convenio_cci,3,3,,no,242.51,262.91
2027,INGENIERIA BIOTECNOLOGICA,ordinario,19,19,,no,93.79,130.0
2027,INGENIERIA BIOTECNOLOGICA,precatolica,9,9,,no,86.74,130.37
2027,INGENIERIA BIOTECNOLOGICA,rendimiento_superior,8,8,,no,249.92,265.87
2027,INGENIERIA CIVIL TRASLADO INTERNO II,convenio_cci,15,15,,no,254.05,262.49
2027,INGENIERIA CIVIL TRASLADO INTERNO II,ordinario,38,38,,no,77.36,122.47
2027,INGENIERIA CIVIL TRASLADO INTERNO II,precatolica,15,15,,no,102.93,118.23
2027,INGENIERIA CIVIL TRASLADO INTERNO II,rendimiento_superior,12,12,,no,223.8,250.27
2027,INGENIERIA COMERCIAL,convenio_cci,8,8,,no,203.76,255.78
2027,INGENIERIA COMERCIAL,ordinario,41,41,,no,82.43,131.28
2027,INGENIERIA COMERCIAL,precatolica,13,13,,no,111.0,136.42
2027,INGENIERIA COMERCIAL,rendimiento_superior,8,8,,no,203.59,250.41
2027,INGENIERIA DE MINAS,convenio_cci,11,11,,no,214.59,243.65
2027,INGENIERIA DE MINAS,ordinario,46,46,,no,98.39,120.0
2027,INGENIERIA DE MINAS,precatolica,25,25,,no,88.3,120.22
2027,INGENIERIA DE MINAS,rendimiento_superior,11,11,,no,226.46,263.01
2027,INGENIERIA DE SISTEMAS,convenio_cci,15,15,,no,207.89,241.42
2027,INGENIERIA DE SISTEMAS,ordinario,49,49,,no,86.83,117.0
2027,INGENIERIA DE SISTEMAS,precatolica,24,24,,no,99.22,115.22
2027,INGENIERIA DE SISTEMAS,rendimiento_superior,12,12,,no,222.17,251.55
2027,INGENIERIA EN INTELIGENCIA ARTIFICIAL,convenio_cci,1,1,,no,269.86,269.86
2027,INGENIERIA EN INTELIGENCIA ARTIFICIAL,ordinario,10,10,,no,106.73,124.84
2027,INGENIERIA EN INTELIGENCIA ARTIFICIAL,precatolica,5,5,,no,92.28,143.36
2027,INGENIERIA EN INTELIGENCIA ARTIFICIAL,rendimiento_superior,4,4,,no,249.99,257.34
2027,INGENIERIA INDUSTRIAL TRASLADO INTERNO II,convenio_cci,24,24,,no,244.65,252.3
2027,INGENIERIA INDUSTRIAL TRASLADO INTERNO II,ordinario,69,69,,no,86.71,120.54
2027,INGENIERIA INDUSTRIAL TRASLADO INTERNO II,precatolica,33,33,,no,86.77,113.27
2027,INGENIERIA INDUSTRIAL TRASLADO INTERNO II,rendimiento_superior,17,17,,no,224.65,236.82
2027,INGENIERIA MECANICA ELECTRICA,convenio_cci,6,6,,no,246.31,264.54
2027,INGENIERIA MECANICA ELECTRICA,extraordinario,1,1,,no,122.51,122.51
2027,INGENIERIA MECANICA ELECTRICA,ordinario,38,38,,no,78.0,116.03
2027,INGENIERIA MECANICA ELECTRICA,precatolica,16,16,,no,105.77,112.12
2027,INGENIERIA MECANICA ELECTRICA,rendimiento_superior,9,9,,no,251.58,256.81
2027,INGENIERIA MECATRONICA,convenio_cci,5,5,,no,242.51,245.25
2027,INGENIERIA MECATRONICA,ordinario,34,34,,no,100.2,130.09
2027,INGENIERIA MECATRONICA,precatolica,9,9,,no,106.83,125.2
2027,INGENIERIA MECATRONICA,rendimiento_superior,8,8,,no,243.45,254.04
2027,MEDICINA HUMANA TRASLADO INTERNO II,convenio_cci,9,9,,no,156.01,174.0
2027,MEDICINA HUMANA TRASLADO INTERNO II,ordinario,43,43,,no,152.62,174.96
2027,MEDICINA HUMANA TRASLADO INTERNO II,precatolica,26,26,,no,163.91,176.53
2027,MEDICINA HUMANA TRASLADO INTERNO II,rendimiento_superior,11,11,,no,161.99,191.99
2027,MEDICINA VETERINARIA Y ZOOTECNIA,convenio_cci,8,8,,no,208.17,236.95
2027,MEDICINA VETERINARIA Y ZOOTECNIA,ordinario,33,33,,no,108.74,121.71
2027,MEDICINA VETERINARIA Y ZOOTECNIA,precatolica,20,20,,no,109.59,128.66
2027,MEDICINA VETERINARIA Y ZOOTECNIA,rendimiento_superior,8,8,,no,235.3,260.26
2027,OBSTETRICIA Y PUERICULTURA,ordinario,28,28,,no,92.56,114.69
2027,OBSTETRICIA Y PUERICULTURA,precatolica,16,16,,no,93.9,117.28
2027,OBSTETRICIA Y PUERICULTURA,rendimiento_superior,4,4,,no,224.12,228.47
2027,ODONTOLOGIA,convenio_cci,9,9,,no,227.64,235.51
2027,ODONTOLOGIA,ordinario,36,36,,no,124.73,136.12
2027,ODONTOLOGIA,precatolica,22,22,,no,104.7,131.8
2027,ODONTOLOGIA,rendimiento_superior,9,9,,no,259.08,263.15
2027,PSICOLOGIA TRASLADO INTERNO II,convenio_cci,12,12,,no,224.55,227.77
2027,PSICOLOGIA TRASLADO INTERNO II,ordinario,43,43,,no,111.21,131.46
2027,PSICOLOGIA TRASLADO INTERNO II,precatolica,26,26,,no,80.23,134.05
2027,PSICOLOGIA TRASLADO INTERNO II,rendimiento_superior,11,11,,no,205.21,267.76
2027,PUBLICIDAD Y MULTIMEDIA TRASLADO EXTERNO NACIONAL II,convenio_cci,7,7,,no,92.0,231.5
2027,PUBLICIDAD Y MULTIMEDIA TRASLADO EXTERNO NACIONAL II,ordinario,30,30,,no,78.81,129.33
2027,PUBLICIDAD Y MULTIMEDIA TRASLADO EXTERNO NACIONAL II,precatolica,7,7,,no,110.86,132.66
2027,PUBLICIDAD Y MULTIMEDIA TRASLADO EXTERNO NACIONAL II,rendimiento_superior,4,4,,no,250.71,258.73
2027,TECNOLOGIA MEDICA EN TERAPIA FISICA Y REHABILITACION,convenio_cci,1,1,,no,254.03,254.03
2027,TECNOLOGIA MEDICA EN TERAPIA FISICA Y REHABILITACION,ordinario,15,15,,no,124.88,135.63
2027,TECNOLOGIA MEDICA EN TERAPIA FISICA Y REHABILITACION,precatolica,9,9,,no,107.98,131.6
2027,TECNOLOGIA MEDICA EN TERAPIA FISICA Y REHABILITACION,rendimiento_superior,4,4,,no,234.71,240.53
