archivo,ciclo,tipo,proceso,fecha_examen,paginas,ruta,paginas_texto,familia,condiciones,columnas,n_puntajes,n_codigos,n_nombres,n_cortes,utilidad
ingresantes_ucsm_2014_2015.pdf,2015,,,,,data/raw/2015/ingresantes_ucsm_2014_2015.pdf,1,MS-OFFICE,,,0,0,0,0,vacio_para_regex
2016TEN.pdf,2016,traslado,,,4,data/raw/2016/2016TEN.pdf,0,MS-OFFICE,,,0,0,0,0,vacio_para_regex
2017DD.pdf,2017,otro,,,1,data/raw/2017/2017DD.pdf,0,MS-OFFICE,,,0,0,0,0,vacio_para_regex
2017IIImajes.pdf,2017,otro,,,2,data/raw/2017/2017IIImajes.pdf,0,MS-OFFICE,,,0,0,0,0,vacio_para_regex
2017II/GyT.pdf,2017,otro,,,2,data/raw/2017/2017II__GyT.pdf,0,MS-OFFICE,,,0,0,0,0,vacio_para_regex
2017II/IET.pdf,2017,otro,,,1,data/raw/2017/2017II__IET.pdf,0,MS-OFFICE,,,0,0,0,0,vacio_para_regex
2017II/TEI.pdf,2017,traslado,,,1,data/raw/2017/2017II__TEI.pdf,0,MS-OFFICE,,,0,0,0,0,vacio_para_regex
2017II/TEN.pdf,2017,traslado,,,3,data/raw/2017/2017II__TEN.pdf,0,MS-OFFICE,,,0,0,0,0,vacio_para_regex
2017II/TI.pdf,2017,otro,,,2,data/raw/2017/2017II__TI.pdf,0,MS-OFFICE,,,0,0,0,0,vacio_para_regex
2017II/TIS.pdf,2017,otro,,,1,data/raw/2017/2017II__TIS.pdf,0,MS-OFFICE,,,0,0,0,0,vacio_para_regex
2017I/EBS.pdf,2017,otro,,,1,data/raw/2017/2017I__EBS.pdf,0,MS-OFFICE,,,0,0,0,0,vacio_para_regex
2017I/IA.pdf,2017,otro,,,1,data/raw/2017/2017I__IA.pdf,0,MS-OFFICE,,,0,0,0,0,vacio_para_regex
2017I/TI.pdf,2017,otro,,,3,data/raw/2017/2017I__TI.pdf,0,MS-OFFICE,,,0,0,0,0,vacio_para_regex
2017I/TIS.pdf,2017,otro,,,1,data/raw/2017/2017I__TIS.pdf,0,MS-OFFICE,,,0,0,0,0,vacio_para_regex
2017PP.pdf,2017,otro,,,6,data/raw/2017/2017PP.pdf,0,MS-OFFICE,,,0,0,0,0,vacio_para_regex
RESULTADOS2017II.pdf,2017,,,,,data/raw/2017/RESULTADOS2017II.pdf,2,DEVEXP,,,0,0,0,0,vacio_para_regex
RESULTADO_CPU-III_2017salud.pdf,2017,,,,,data/raw/2017/RESULTADO_CPU-III_2017salud.pdf,2,MS-OFFICE,,,0,0,0,0,vacio_para_regex
simulacro2017I.pdf,2017,otro,,,9,data/raw/2017/simulacro2017I.pdf,0,MS-OFFICE,,,0,0,0,0,vacio_para_regex
2018IIImajes.pdf,2018,otro,,,1,data/raw/2018/2018IIImajes.pdf,0,MS-OFFICE,,,0,0,0,0,vacio_para_regex
2018II/GyT.pdf,2018,otro,,,2,data/raw/2018/2018II__GyT.pdf,0,MS-OFFICE,,,0,0,0,0,vacio_para_regex
2018II/TEI.pdf,2018,traslado,,,1,data/raw/2018/2018II__TEI.pdf,0,MS-OFFICE,,,0,0,0,0,vacio_para_regex
2018II/TEN.pdf,2018,traslado,,,2,data/raw/2018/2018II__TEN.pdf,0,MS-OFFICE,,,0,0,0,0,vacio_para_regex
2018II/TI.pdf,2018,otro,,,3,data/raw/2018/2018II__TI.pdf,0,MS-OFFICE,,,0,0,0,0,vacio_para_regex
2018II/TIS.pdf,2018,otro,,,1,data/raw/2018/2018II__TIS.pdf,0,MS-OFFICE,,,0,0,0,0,vacio_para_regex
2018I/DD.pdf,2018,otro,,,1,data/raw/2018/2018I__DD.pdf,0,MS-OFFICE,,,0,0,0,0,vacio_para_regex
2018I/EBS.pdf,2018,otro,,,1,data/raw/2018/2018I__EBS.pdf,0,MS-OFFICE,,,0,0,0,0,vacio_para_regex
2018I/GyT.pdf,2018,otro,,,2,data/raw/2018/2018I__GyT.pdf,0,MS-OFFICE,,,0,0,0,0,vacio_para_regex
2018I/IA.pdf,2018,otro,,,1,data/raw/2018/2018I__IA.pdf,0,MS-OFFICE,,,0,0,0,0,vacio_para_regex
2018I/IEPD.pdf,2018,otro,,,1,data/raw/2018/2018I__IEPD.pdf,0,MS-OFFICE,,,0,0,0,0,vacio_para_regex
2018I/PP.pdf,2018,otro,,,6,data/raw/2018/2018I__PP.pdf,0,MS-OFFICE,,,0,0,0,0,vacio_para_regex
2018I/TEI.pdf,2018,traslado,,,1,data/raw/2018/2018I__TEI.pdf,0,MS-OFFICE,,,0,0,0,0,vacio_para_regex
2018I/TEN.pdf,2018,traslado,,,3,data/raw/2018/2018I__TEN.pdf,0,MS-OFFICE,,,0,0,0,0,vacio_para_regex
2018I/TI.pdf,2018,otro,,,3,data/raw/2018/2018I__TI.pdf,0,MS-OFFICE,,,0,0,0,0,vacio_para_regex
2018I/TIS.pdf,2018,otro,,,1,data/raw/2018/2018I__TIS.pdf,0,MS-OFFICE,,,0,0,0,0,vacio_para_regex
2018I/TS.pdf,2018,otro,,,1,data/raw/2018/2018I__TS.pdf,0,MS-OFFICE,,,0,0,0,0,vacio_para_regex
2018I/TSU.pdf,2018,otro,,,1,data/raw/2018/2018I__TSU.pdf,0,MS-OFFICE,,,0,0,0,0,vacio_para_regex
2018TSrs.pdf,2018,otro,,,4,data/raw/2018/2018TSrs.pdf,0,MS-OFFICE,,,0,0,0,0,vacio_para_regex
2019BecaPRONABEC.pdf,2019,beca,,,3,data/raw/2019/2019BecaPRONABEC.pdf,0,MS-OFFICE,,,0,0,0,0,vacio_para_regex
2019IET.pdf,2019,otro,,15/10/2018,1,data/raw/2019/2019IET.pdf,1,DEVEXP,INGRESO,Condición|Código|Nombre|Ord.|Total,3,0,0,0,solo_ingresantes
2019II/GyT.pdf,2019,otro,,,1,data/raw/2019/2019II__GyT.pdf,0,MS-OFFICE,,,0,0,0,0,vacio_para_regex
2019II/TEI.pdf,2019,traslado,,,1,data/raw/2019/2019II__TEI.pdf,0,MS-OFFICE,,,0,0,0,0,vacio_para_regex
2019II/TEN.pdf,2019,traslado,,,3,data/raw/2019/2019II__TEN.pdf,0,MS-OFFICE,,,0,0,0,0,vacio_para_regex
2019II/TI.pdf,2019,otro,,,2,data/raw/2019/2019II__TI.pdf,0,MS-OFFICE,,,0,0,0,0,vacio_para_regex
2019II/TIS.pdf,2019,otro,,,1,data/raw/2019/2019II__TIS.pdf,0,MS-OFFICE,,,0,0,0,0,vacio_para_regex
2019I/CAB.pdf,2019,otro,,,1,data/raw/2019/2019I__CAB.pdf,0,MS-OFFICE,,,0,0,0,0,vacio_para_regex
2019I/DD.pdf,2019,otro,,,1,data/raw/2019/2019I__DD.pdf,0,MS-OFFICE,,,0,0,0,0,vacio_para_regex
2019I/EBS.pdf,2019,otro,,,1,data/raw/2019/2019I__EBS.pdf,0,MS-OFFICE,,,0,0,0,0,vacio_para_regex
2019I/GyT.pdf,2019,otro,,,2,data/raw/2019/2019I__GyT.pdf,0,MS-OFFICE,,,0,0,0,0,vacio_para_regex
2019I/IA.pdf,2019,otro,,,2,data/raw/2019/2019I__IA.pdf,0,MS-OFFICE,,,0,0,0,0,vacio_para_regex
2019I/IEPD.pdf,2019,otro,,,1,data/raw/2019/2019I__IEPD.pdf,0,MS-OFFICE,,,0,0,0,0,vacio_para_regex
2019I/IES.pdf,2019,otro,,,1,data/raw/2019/2019I__IES.pdf,0,MS-OFFICE,,,0,0,0,0,vacio_para_regex
2019I/IET.pdf,2019,otro,,,1,data/raw/2019/2019I__IET.pdf,0,DEVEXP,,,0,0,0,0,vacio_para_regex
2019I/PP.pdf,2019,otro,,,6,data/raw/2019/2019I__PP.pdf,0,MS-OFFICE,,,0,0,0,0,vacio_para_regex
2019I/TEI.pdf,2019,traslado,,,1,data/raw/2019/2019I__TEI.pdf,0,MS-OFFICE,,,0,0,0,0,vacio_para_regex
2019I/TEN.pdf,2019,traslado,,,3,data/raw/2019/2019I__TEN.pdf,0,MS-OFFICE,,,0,0,0,0,vacio_para_regex
2019I/TI.pdf,2019,otro,,,2,data/raw/2019/2019I__TI.pdf,0,MS-OFFICE,,,0,0,0,0,vacio_para_regex
2019I/TIS.pdf,2019,otro,,,1,data/raw/2019/2019I__TIS.pdf,0,MS-OFFICE,,,0,0,0,0,vacio_para_regex
2019TSUPAQP.pdf,2019,tercio_superior,,15/10/2018,25,data/raw/2019/2019TSUPAQP.pdf,25,DEVEXP,INGRESO|NO INGRESO,Condición|Código|Nombre|Ord.|Total,261,0,145,0,con_denominador
2019TSUPAQP2.pdf,2019,tercio_superior,,10/12/2018,15,data/raw/2019/2019TSUPAQP2.pdf,15,DEVEXP,INGRESO|NO INGRESO,Condición|Código|Nombre|Ord.|Total,47,0,31,0,con_denominador
2019TSUPOTRAS.pdf,2019,tercio_superior,,15/10/2018,15,data/raw/2019/2019TSUPOTRAS.pdf,15,DEVEXP,INGRESO|NO INGRESO,Condición|Código|Nombre|Ord.|Total,84,0,48,0,con_denominador
2020COBERII_CS.pdf,2020,convenio_cci,,,1,data/raw/2020/2020COBERII_CS.pdf,2,MS-OFFICE,,,0,0,0,0,vacio_para_regex
2020I/CAB.pdf,2020,otro,,,1,data/raw/2020/2020I__CAB.pdf,0,MS-OFFICE,,,0,0,0,0,vacio_para_regex
2020I/EBS.pdf,2020,otro,,,1,data/raw/2020/2020I__EBS.pdf,0,MS-OFFICE,,,0,0,0,0,vacio_para_regex
2020I/GyT.pdf,2020,otro,,,1,data/raw/2020/2020I__GyT.pdf,0,MS-OFFICE,,,0,0,0,0,vacio_para_regex
2020I/PP.pdf,2020,otro,,,6,data/raw/2020/2020I__PP.pdf,0,MS-OFFICE,,,0,0,0,0,vacio_para_regex
2020I/TENCSC.pdf,2020,traslado,,,9,data/raw/2020/2020I__TENCSC.pdf,0,MS-OFFICE,,,0,0,0,0,vacio_para_regex
2020I/TIS.pdf,2020,otro,,,1,data/raw/2020/2020I__TIS.pdf,0,MS-OFFICE,,,0,0,0,0,vacio_para_regex
2020NIVEII_CS.pdf,2020,otro,,,1,data/raw/2020/2020NIVEII_CS.pdf,2,MS-OFFICE,,,0,0,0,0,vacio_para_regex
2020PBHD.pdf,2020,beca,PRONABEC - BECA EXCELENCIA HIJOS DOCENTES,19/06/2019,10,data/raw/2020/2020PBHD.pdf,10,DEVEXP,INGRESO|NO INGRESO,Condición|Código|Nombre|Ord.|Total,22,0,12,0,con_denominador
2020TSupAQP.pdf,2020,tercio_superior,,,39,data/raw/2020/2020TSupAQP.pdf,2,MS-OFFICE,,,0,0,0,0,vacio_para_regex
2020TSupES.pdf,2020,tercio_superior,,18/06/2019,28,data/raw/2020/2020TSupES.pdf,28,DEVEXP,INGRESO|NO INGRESO,Condición|Código|Nombre|Ord.|Total,177,0,155,0,con_denominador
2020TSupOREG.pdf,2020,tercio_superior,,18/06/2019,27,data/raw/2020/2020TSupOREG.pdf,34,DEVEXP,INGRESO|NO INGRESO,Condición|Código|Nombre|Ord.|Total,232,0,159,0,con_denominador
RESULTADOS_SALUD_3EG2020.pdf,2020,,,,,data/raw/2020/RESULTADOS_SALUD_3EG2020.pdf,2,MS-OFFICE,,,0,0,0,0,vacio_para_regex
majes2020.pdf,2020,ordinario,RESULTADOS EXAMEN ORDINARIO MAJES 2020,09/03/2020,3,data/raw/2020/majes2020.pdf,3,DEVEXP,INGRESO,Condición|Código|Nombre|Ord.|Total,21,0,3,3,solo_ingresantes
primer-EXAMEN_GENERAL_2020.pdf,2020,,,,,data/raw/2020/primer-EXAMEN_GENERAL_2020.pdf,1,MS-OFFICE,,,0,0,2,0,sin_datos_tabulares
2021COBERII.pdf,2021,convenio_cci,COBERTURA DE METAS SEGUNDO EXAMEN GENERAL 2021,11/02/2021,10,data/raw/2021/2021COBERII.pdf,10,DEVEXP,INGRESO,Condición|Código|Nombre|Nota 01|Nota 02|Ord.|Total,49,13,25,10,solo_ingresantes
Aptos2021ExtraordinarioI.pdf,2021,extraordinario,,,16,data/raw/2021/Aptos2021ExtraordinarioI.pdf,0,MS-OFFICE,,,0,0,0,0,vacio_para_regex
Aptos2021ExtraordinarioII.pdf,2021,extraordinario,,,5,data/raw/2021/Aptos2021ExtraordinarioII.pdf,0,DEVEXP,,,0,0,0,0,vacio_para_regex
Aptos2021ExtraordinarioII_3.pdf,2021,extraordinario,,,5,data/raw/2021/Aptos2021ExtraordinarioII_3.pdf,0,DEVEXP,,,0,0,0,0,vacio_para_regex
Aptos2021ExtraordinarioIold.pdf,2021,extraordinario,,,16,data/raw/2021/Aptos2021ExtraordinarioIold.pdf,0,MS-OFFICE,,,0,0,0,0,vacio_para_regex
EG2021I.pdf,2021,ordinario,PRIMER EXAMEN GENERAL 2021 - PRIMERA POSTULACION,31/08/2020,67,data/raw/2021/EG2021I.pdf,67,DEVEXP,INGRESO|NC|NO INGRESO,Condición|Código|Nombre|Nota 01|Nota 02|Ord.|Total,3412,1130,1554,58,con_denominador
EG2021II.pdf,2021,ordinario,SEGUNDO EXAMEN GENERAL 2021,21/12/2020,70,data/raw/2021/EG2021II.pdf,70,DEVEXP,INGRESO|NC|NO INGRESO|NSP,Condición|Código|Nombre|Nota 01|Nota 02|Ord.|Total,4110,1376,2077,59,con_denominador
EG2021III.pdf,2021,ordinario,TERCER EXAMEN GENERAL 2021,01/03/2021,78,data/raw/2021/EG2021III.pdf,78,DEVEXP,INGRESO|NC|NO INGRESO|NSP,Condición|Código|Nombre|Nota 01|Nota 02|Ord.|Total,5971,1987,2902,64,con_denominador
EG2021IIIsalud.pdf,2021,otro,,,8,data/raw/2021/EG2021IIIsalud.pdf,0,MS-OFFICE,,,0,0,0,0,vacio_para_regex
EG2021IIsalud.pdf,2021,otro,,,4,data/raw/2021/EG2021IIsalud.pdf,0,DEVEXP,,,0,0,0,0,vacio_para_regex
Extraordinario20211.pdf,2021,extraordinario,EXAMEN EXTRAORDINARIO 2021 I - DEPORTISTAS DESTACADOS,22/02/2021,89,data/raw/2021/Extraordinario20211.pdf,89,DEVEXP,INGRESO|NC|NO INGRESO|NSP,Condición|Código|Nombre|Nota 01|Nota 02|Ord.|Total,1332,455,607,0,con_denominador
Extraordinario20212.pdf,2021,traslado,EXAMEN EXTRAORDINARIO 2021 II - TRASLADO EXTERNO NACIONAL II,08/08/2021,35,data/raw/2021/Extraordinario20212.pdf,35,DEVEXP,INGRESO|NC|NO INGRESO|NSP,Condición|Código|Nombre|Nota 01|Nota 02|Ord.|Total,297,101,155,0,con_denominador
Extraordinario20212final.pdf,2021,traslado,EXAMEN EXTRAORDINARIO 2021 II - TRASLADO EXTERNO NACIONAL II,24/08/2021,35,data/raw/2021/Extraordinario20212final.pdf,35,DEVEXP,INGRESO|NC,Condición|Código|Nombre|Nota 01|Nota 02|Ord.|Total,183,62,80,0,solo_ingresantes
PRONABEC2021.pdf,2021,beca,PRONABEC BECA-18 2021,01/03/2021,34,data/raw/2021/PRONABEC2021.pdf,34,DEVEXP,NSP,Condición|Código|Nombre|Nota 01|Nota 02|Ord.|Total,1372,515,756,31,puntajes_sin_condicion
TercioSuperior2021.pdf,2021,tercio_superior,CONCURSO DE ADMISION 2021 - TERCIO SUPERIOR - AREQUIPA,22/08/2020,45,data/raw/2021/TercioSuperior2021.pdf,45,DEVEXP,INGRESO|NO INGRESO,Condición|Código|Nombre|Nota 01|Nota 02|Ord.|Total,849,292,454,0,con_denominador
precatolica2021-I.pdf,2021,precatolica,PRECATOLICA 2021-I - AREQUIPA,18/08/2020,121,data/raw/2021/precatolica2021-I.pdf,121,DEVEXP,INGRESO|NO INGRESO,Condición|Código|Nombre|Nota 01|Nota 02|Ord.|Total,2387,757,1314,116,con_denominador
precatolica2021-II.pdf,2021,precatolica,PRECATOLICA 2021-II - AREQUIPA,13/12/2020,116,data/raw/2021/precatolica2021-II.pdf,123,DEVEXP,INGRESO|NC|NO INGRESO|NSP,Condición|Código|Nombre|Nota 01|Nota 02|Ord.|Total,2402,774,1350,113,con_denominador
precatolica2021-III.pdf,2021,precatolica,PRECATOLICA 2021-III - AREQUIPA,20/02/2021,124,data/raw/2021/precatolica2021-III.pdf,124,DEVEXP,INGRESO|NC|NO INGRESO|NSP,Condición|Código|Nombre|Nota 01|Nota 02|Ord.|Total,2451,783,1342,122,con_denominador
precatolica2021-Isalud.pdf,2021,precatolica,,,3,data/raw/2021/precatolica2021-Isalud.pdf,0,MS-OFFICE,,,0,0,0,0,vacio_para_regex
puntajes_EG2021I.pdf,2021,otro,,,23,data/raw/2021/puntajes_EG2021I.pdf,0,MS-OFFICE,,,0,0,0,0,vacio_para_regex
puntajes_EG2021III.pdf,2021,otro,,,38,data/raw/2021/puntajes_EG2021III.pdf,0,MS-OFFICE,,,0,0,0,0,vacio_para_regex
2022CCI-I.pdf,2022,convenio_cci,,,1,data/raw/2022/2022CCI-I.pdf,0,DEVEXP,,,0,0,0,0,vacio_para_regex
Aptos2022CCI.pdf,2022,convenio_cci,,,1,data/raw/2022/Aptos2022CCI.pdf,0,MS-OFFICE,,,0,0,0,0,vacio_para_regex
Aptos2022ExtraordinarioI.pdf,2022,extraordinario,,,8,data/raw/2022/Aptos2022ExtraordinarioI.pdf,0,MS-OFFICE,,,0,0,0,0,vacio_para_regex
Aptos2022ExtraordinarioII.pdf,2022,extraordinario,,,4,data/raw/2022/Aptos2022ExtraordinarioII.pdf,0,DEVEXP,,,0,0,0,0,vacio_para_regex
Aptos2022TS.pdf,2022,lista_aptos,,,8,data/raw/2022/Aptos2022TS.pdf,0,DEVEXP,,,0,0,0,0,vacio_para_regex
EG2022I.pdf,2022,ordinario,PRIMER EXAMEN GENERAL 2022,30/08/2021,70,data/raw/2022/EG2022I.pdf,70,DEVEXP,INGRESO|NC|NO INGRESO|NSP,Condición|Código|Nombre|Nota 01|Nota 02|Ord.|Total,4846,1641,2431,56,con_denominador
EG2022II.pdf,2022,ordinario,SEGUNDO EXAMEN ORDINARIO 2022,19/12/2021,71,data/raw/2022/EG2022II.pdf,71,DEVEXP,INGRESO|NC|NO INGRESO|NSP,Condición|Código|Nombre|Nota 01|Nota 02|Ord.|Total,5170,1739,2511,55,con_denominador
EG2022III.pdf,2022,ordinario,TERCER EXAMEN ORDINARIO 2022,28/02/2022,76,data/raw/2022/EG2022III.pdf,76,DEVEXP,INGRESO|NC|NO INGRESO|NSP,Condición|Código|Nombre|Nota 01|Nota 02|Ord.|Total,6125,2083,2673,56,con_denominador
EG2022IIIsalud.pdf,2022,otro,,,7,data/raw/2022/EG2022IIIsalud.pdf,0,MS-OFFICE,,,0,0,0,0,vacio_para_regex
EG2022IIsalud.pdf,2022,otro,,,6,data/raw/2022/EG2022IIsalud.pdf,0,MS-OFFICE,,,0,0,0,0,vacio_para_regex
EG2022Ifinal.pdf,2022,ordinario,PRIMER EXAMEN ORDINARIO 2022,07/09/2021,56,data/raw/2022/EG2022Ifinal.pdf,56,DEVEXP,INGRESO|NC|NSP,Condición|Código|Nombre|Nota 01|Nota 02|Ord.|Total,2274,742,732,56,solo_ingresantes
EG2022Isalud.pdf,2022,otro,,,4,data/raw/2022/EG2022Isalud.pdf,0,MS-OFFICE,,,0,0,0,0,vacio_para_regex
Extraordinario20221.pdf,2022,extraordinario,,,78,data/raw/2022/Extraordinario20221.pdf,0,MS-OFFICE,,,0,0,0,0,vacio_para_regex
Extraordinario20222.pdf,2022,traslado,EXAMEN EXTRAORDINARIO 2022 II - TRASLADO EXTERNO NACIONAL II,07/08/2022,35,data/raw/2022/Extraordinario20222.pdf,35,DEVEXP,INGRESO|NC|NO INGRESO|NSP,Condición|Código|Nombre|Nota 01|Nota 02|Ord.|Total,341,116,174,0,con_denominador
Nivelacion2022.pdf,2022,complementario,,09/03/2022,26,data/raw/2022/Nivelacion2022.pdf,26,DEVEXP,INGRESO|NO INGRESO,Condición|Código|Nombre|Nota 01|Nota 02|Ord.|Total,275,83,102,26,con_denominador
NoAptos2022ExtraordinarioI.pdf,2022,extraordinario,,,23,data/raw/2022/NoAptos2022ExtraordinarioI.pdf,0,MS-OFFICE,,,0,0,0,0,vacio_para_regex
PRONABEC2022.pdf,2022,beca,,28/02/2022,22,data/raw/2022/PRONABEC2022.pdf,22,DEVEXP,NC|NSP,Condición|Código|Nombre|Nota 01|Ord.|Total,222,142,217,0,puntajes_sin_condicion
Rechazados2022ExtraordinarioI.pdf,2022,extraordinario,,,3,data/raw/2022/Rechazados2022ExtraordinarioI.pdf,0,MS-OFFICE,,,0,0,0,0,vacio_para_regex
TercioSuperior2022.pdf,2022,tercio_superior,CONCURSO DE ADMISION 2022 - TERCIO SUPERIOR - AREQUIPA,27/06/2021,55,data/raw/2022/TercioSuperior2022.pdf,55,DEVEXP,INGRESO|NC|NO INGRESO|NSP,Condición|Código|Nombre|Nota 01|Nota 02|Ord.|Total,1179,395,580,0,con_denominador
TercioSuperior2022final.pdf,2022,otro,,,3,data/raw/2022/TercioSuperior2022final.pdf,0,MS-OFFICE,,,0,0,0,0,vacio_para_regex
indicacionespromedioEG2022II.pdf,2022,otro,,,1,data/raw/2022/indicacionespromedioEG2022II.pdf,0,DEVEXP,,,0,0,0,0,vacio_para_regex
precatolica2022-I.pdf,2022,precatolica,PRECATOLICA 2022-I - AREQUIPA,08/08/2021,111,data/raw/2022/precatolica2022-I.pdf,111,DEVEXP,INGRESO|NC|NO INGRESO|NSP,Condición|Código|Nombre|Nota 01|Nota 02|Ord.|Total,3029,1022,1655,107,con_denominador
precatolica2022-II.pdf,2022,precatolica,PRECATOLICA 2022-II - AREQUIPA,13/12/2021,109,data/raw/2022/precatolica2022-II.pdf,109,DEVEXP,INGRESO|NC|NO INGRESO|NSP,Condición|Código|Nombre|Nota 01|Nota 02|Ord.|Total,3383,1133,1803,103,con_denominador
precatolica2022-III.pdf,2022,precatolica,PRECATOLICA 2022-III - AREQUIPA,20/02/2022,102,data/raw/2022/precatolica2022-III.pdf,109,DEVEXP,INGRESO|NC|NO INGRESO|NSP,Condición|Código|Nombre|Nota 01|Nota 02|Ord.|Total,3136,1062,1648,97,con_denominador
precatolica2022-IIIsalud.pdf,2022,precatolica,,,5,data/raw/2022/precatolica2022-IIIsalud.pdf,0,MS-OFFICE,,,0,0,0,0,vacio_para_regex
precatolica2022-IIsalud.pdf,2022,precatolica,,,5,data/raw/2022/precatolica2022-IIsalud.pdf,0,MS-OFFICE,,,0,0,0,0,vacio_para_regex
precatolica2022-Ifinal.pdf,2022,precatolica,PRECATOLICA 2022-I - AREQUIPA,02/09/2021,101,data/raw/2022/precatolica2022-Ifinal.pdf,101,DEVEXP,INGRESO|NC|NSP,Condición|Código|Nombre|Nota 01|Nota 02|Ord.|Total,1385,431,558,101,solo_ingresantes
precatolica2022-Isalud.pdf,2022,precatolica,,,3,data/raw/2022/precatolica2022-Isalud.pdf,0,MS-OFFICE,,,0,0,0,0,vacio_para_regex
2023CCI-I.pdf,2023,convenio_cci,,,2,data/raw/2023/2023CCI-I.pdf,0,MS-OFFICE,,,0,0,0,0,vacio_para_regex
Aptos2023ExtraordinarioI.pdf,2023,extraordinario,,,9,data/raw/2023/Aptos2023ExtraordinarioI.pdf,0,MS-OFFICE,,,0,0,0,0,vacio_para_regex
Aptos2023ExtraordinarioII.pdf,2023,extraordinario,,,2,data/raw/2023/Aptos2023ExtraordinarioII.pdf,0,DEVEXP,,,0,0,0,0,vacio_para_regex
Aptos2023TS.pdf,2023,lista_aptos,,,7,data/raw/2023/Aptos2023TS.pdf,0,DEVEXP,,,0,0,0,0,vacio_para_regex
DISTANCIA_E2023I.pdf,2023,distancia,PRIMER EXAMEN ESTUDIOS A DISTANCIA Y SEMIPRESENCIAL 2023 - ORDINARIO I,13/11/2022,33,data/raw/2023/DISTANCIA_E2023I.pdf,40,DEVEXP,INGRESO|NO INGRESO,Condición|Código|Nombre|Ord.,0,460,426,0,con_denominador
DISTANCIA_E2023II.pdf,2023,distancia,SEGUNDO EXAMEN ESTUDIOS A DISTANCIA Y SEMIPRESENCIAL 2023 - ORDINARIO II,22/01/2023,33,data/raw/2023/DISTANCIA_E2023II.pdf,40,DEVEXP,INGRESO|NO INGRESO,Condición|Código|Nombre|Ord.,0,376,359,0,con_denominador
DISTANCIA_E2023III.pdf,2023,distancia,TERCER EXAMEN ESTUDIOS A DISTANCIA Y SEMIPRESENCIAL 2023 - ORDINARIO III,20/03/2023,67,data/raw/2023/DISTANCIA_E2023III.pdf,74,DEVEXP,INGRESO|NO INGRESO,Condición|Código|Nombre|Ord.,0,2119,3644,0,con_denominador
EG2023I.pdf,2023,ordinario,PRIMER EXAMEN ORDINARIO 2023,29/08/2022,76,data/raw/2023/EG2023I.pdf,76,DEVEXP,INGRESO|NC|NO INGRESO|NSP,Condición|Código|Nombre|Nota 01|Nota 02|Ord.|Total,6260,2148,3339,54,con_denominador
EG2023II.pdf,2023,ordinario,SEGUNDO EXAMEN ORDINARIO 2023,19/12/2022,69,data/raw/2023/EG2023II.pdf,69,DEVEXP,INGRESO|NC|NO INGRESO|NSP,Condición|Código|Nombre|Nota 01|Nota 02|Ord.|Total,5278,1780,2710,52,con_denominador
EG2023III.pdf,2023,ordinario,TERCER EXAMEN ORDINARIO 2023,20/02/2023,73,data/raw/2023/EG2023III.pdf,73,DEVEXP,INGRESO|NC|NO INGRESO|NSP,Condición|Código|Nombre|Nota 01|Nota 02|Ord.|Total,6139,2074,2790,54,con_denominador
EG2023IIIsalud.pdf,2023,otro,,,5,data/raw/2023/EG2023IIIsalud.pdf,0,MS-OFFICE,,,0,0,0,0,vacio_para_regex
EG2023IIsalud.pdf,2023,otro,,,3,data/raw/2023/EG2023IIsalud.pdf,0,MS-OFFICE,,,0,0,0,0,vacio_para_regex
EG2023Isalud.pdf,2023,otro,,,4,data/raw/2023/EG2023Isalud.pdf,0,MS-OFFICE,,,0,0,0,0,vacio_para_regex
Extraordinario20231.pdf,2023,extraordinario,EXAMEN EXTRAORDINARIO 2023 I - DEPORTISTAS DESTACADOS,05/02/2023,90,data/raw/2023/Extraordinario20231.pdf,90,DEVEXP,INGRESO|NC|NO INGRESO|NSP,Condición|Código|Nombre|Nota 01|Nota 02|Ord.|Total,1268,430,561,0,con_denominador
Extraordinario2023II.pdf,2023,traslado,EXAMEN EXTRAORDINARIO 2023 II - TRASLADO EXTERNO NACIONAL II,06/08/2023,38,data/raw/2023/Extraordinario2023II.pdf,38,DEVEXP,INGRESO|NC|NO INGRESO|NSP,Condición|Código|Nombre|Nota 01|Nota 02|Ord.|Total,382,130,200,0,con_denominador
NoAptos2023ExtraordinarioI.pdf,2023,extraordinario,,,13,data/raw/2023/NoAptos2023ExtraordinarioI.pdf,0,MS-OFFICE,,,0,0,0,0,vacio_para_regex
NoAptos2023ExtraordinarioII.pdf,2023,extraordinario,,,3,data/raw/2023/NoAptos2023ExtraordinarioII.pdf,0,MS-OFFICE,,,0,0,0,0,vacio_para_regex
PRONABEC2023.pdf,2023,beca,,20/02/2023,27,data/raw/2023/PRONABEC2023.pdf,27,DEVEXP,NC|NSP,Condición|Código|Nombre|Ord.|Total,227,312,482,0,puntajes_sin_condicion
TercioSuperior2023.pdf,2023,tercio_superior,CONCURSO DE ADMISION 2023 - TERCIO SUPERIOR - AREQUIPA,03/07/2022,58,data/raw/2023/TercioSuperior2023.pdf,58,DEVEXP,INGRESO|NC|NO INGRESO|NSP,Condición|Código|Nombre|Nota 01|Nota 02|Ord.|Total,1413,480,739,0,con_denominador
precatolica2023-I.pdf,2023,precatolica,PRECATOLICA 2023-I - AREQUIPA,08/08/2022,124,data/raw/2023/precatolica2023-I.pdf,124,DEVEXP,INGRESO|NC|NO INGRESO|NSP,Condición|Código|Nombre|Nota 01|Nota 02|Ord.|Total,3546,1213,1983,116,con_denominador
precatolica2023-II.pdf,2023,precatolica,PRECATOLICA 2023-II - AREQUIPA,04/12/2022,113,data/raw/2023/precatolica2023-II.pdf,113,DEVEXP,INGRESO|NC|NO INGRESO|NSP,Condición|Código|Nombre|Nota 01|Nota 02|Ord.|Total,3451,1165,1862,104,con_denominador
precatolica2023-III.pdf,2023,precatolica,PRECATOLICA 2023-III - AREQUIPA,12/02/2023,103,data/raw/2023/precatolica2023-III.pdf,103,DEVEXP,INGRESO|NC|NO INGRESO|NSP,Condición|Código|Nombre|Nota 01|Nota 02|Ord.|Total,3452,1168,1810,97,con_denominador
precatolica2023-IIIsalud.pdf,2023,precatolica,,,3,data/raw/2023/precatolica2023-IIIsalud.pdf,0,MS-OFFICE,,,0,0,0,0,vacio_para_regex
precatolica2023-IIsalud.pdf,2023,precatolica,,,4,data/raw/2023/precatolica2023-IIsalud.pdf,0,MS-OFFICE,,,0,0,0,0,vacio_para_regex
precatolica2023-Isalud.pdf,2023,precatolica,,,4,data/raw/2023/precatolica2023-Isalud.pdf,0,MS-OFFICE,,,0,0,0,0,vacio_para_regex
2024CCI-I.pdf,2024,convenio_cci,EXAMEN EXTRAORDINARIO 2024 I - CONVENIO DE COOPERACION INTERINSTITUCIONAL,28/05/2023,21,data/raw/2024/2024CCI-I.pdf,21,DEVEXP,INGRESO,Condición|Código|Nombre|Nota 01|Nota 02|Ord.|Total,174,0,67,0,solo_ingresantes
2024CCI-I_medicina.pdf,2024,convenio_cci,EXAMEN EXTRAORDINARIO 2024 I - CONVENIO DE COOPERACION INTERINSTITUCIONAL,28/05/2023,2,data/raw/2024/2024CCI-I_medicina.pdf,2,DEVEXP,INGRESO|NO INGRESO,Condición|Código|Nombre|Ord.,62,0,98,0,con_denominador
Aptos2024CCI.pdf,2024,convenio_cci,,,2,data/raw/2024/Aptos2024CCI.pdf,0,MS-OFFICE,,,0,0,0,0,vacio_para_regex
Aptos2024ExtraordinarioI.pdf,2024,extraordinario,,,5,data/raw/2024/Aptos2024ExtraordinarioI.pdf,0,MS-OFFICE,,,0,0,0,0,vacio_para_regex
Aptos2024ExtraordinarioII.pdf,2024,extraordinario,,,2,data/raw/2024/Aptos2024ExtraordinarioII.pdf,2,MS-OFFICE,,,0,0,0,0,vacio_para_regex
Aptos2024RS.pdf,2024,lista_aptos,,,9,data/raw/2024/Aptos2024RS.pdf,0,DEVEXP,,,0,0,0,0,vacio_para_regex
Beca_Esperanza_2024.pdf,2024,beca,RESULTADOS EXAMEN DE ADMISION 2024 - BECA ESPERANZA JOVEN,25/03/2024,26,data/raw/2024/Beca_Esperanza_2024.pdf,26,DEVEXP,NC|NSP,Condición|Código|Nombre|Ord.|Total,770,954,1272,0,puntajes_sin_condicion
DISTANCIA_E2024I.pdf,2024,distancia,PRIMER EXAMEN ESTUDIOS A DISTANCIA Y SEMIPRESENCIAL 2024 - ORDINARIO I,15/10/2023,24,data/raw/2024/DISTANCIA_E2024I.pdf,24,DEVEXP,INGRESO|NC|NO INGRESO|NSP,Condición|Código|Nombre|Ord.|Total,209,232,199,0,con_denominador
DISTANCIA_E2024II.pdf,2024,distancia,SEGUNDO EXAMEN ESTUDIOS A DISTANCIA Y SEMIPRESENCIAL 2024 - ORDINARIO II,28/01/2024,22,data/raw/2024/DISTANCIA_E2024II.pdf,22,DEVEXP,INGRESO|NC|NO INGRESO|NSP,Condición|Código|Nombre|Ord.|Total,203,231,219,0,con_denominador
DISTANCIA_E2024III.pdf,2024,distancia,TERCER EXAMEN ESTUDIOS A DISTANCIA Y SEMIPRESENCIAL 2024 - ORDINARIO III,25/03/2024,28,data/raw/2024/DISTANCIA_E2024III.pdf,28,DEVEXP,INGRESO|NC|NO INGRESO|NSP,Condición|Código|Nombre|Ord.|Total,257,298,284,0,con_denominador
EComplementario2024.pdf,2024,complementario,EXAMEN COMPLEMENTARIO 2024,03/03/2024,2,data/raw/2024/EComplementario2024.pdf,2,DEVEXP,INGRESO|NO INGRESO|NSP,Condición|Código|Nombre|Nota 01|Nota 02|Ord.|Total,139,0,82,0,con_denominador
EG2024I.pdf,2024,ordinario,PRIMER EXAMEN ORDINARIO 2024,03/09/2023,77,data/raw/2024/EG2024I.pdf,77,DEVEXP,INGRESO|NO INGRESO|NSP,Condición|Código|Nombre|Nota 01|Nota 02|Ord.|Total,6131,0,2959,54,con_denominador
EG2024II.pdf,2024,ordinario,SEGUNDO EXAMEN ORDINARIO 2024,17/12/2023,66,data/raw/2024/EG2024II.pdf,66,DEVEXP,INGRESO|NO INGRESO|NSP,Condición|Código|Nombre|Nota 01|Nota 02|Ord.|Total,4571,0,2194,54,con_denominador
EG2024III.pdf,2024,ordinario,TERCER EXAMEN ORDINARIO 2024,18/02/2024,76,data/raw/2024/EG2024III.pdf,76,DEVEXP,INGRESO|NC|NO INGRESO|NSP,Condición|Código|Nombre|Nota 01|Nota 02|Ord.|Total,6081,0,2723,58,con_denominador
Extraordinario20241.pdf,2024,convenio_cci,EXAMEN EXTRAORDINARIO 2024 I - CONVENIO ANDRES BELLO,04/02/2024,83,data/raw/2024/Extraordinario20241.pdf,83,DEVEXP,INGRESO|NO INGRESO|NSP,Condición|Código|Nombre|Nota 01|Nota 02|Ord.|Total,1172,0,473,0,con_denominador
Extraordinario2024II.pdf,2024,traslado,EXAMEN EXTRAORDINARIO 2024 II - TRASLADO EXTERNO NACIONAL II,04/08/2024,31,data/raw/2024/Extraordinario2024II.pdf,31,DEVEXP,INGRESO|NO INGRESO|NSP,Condición|Código|Nombre|Ord.|Total,80,0,108,0,con_denominador
Nivelacion2024.pdf,2024,complementario,Nota 02 : Examen,03/03/2024,13,data/raw/2024/Nivelacion2024.pdf,13,DEVEXP,INGRESO|NO INGRESO|NSP,Condición|Código|Nombre|Nota 01|Nota 02|Ord.|Total,59,0,23,0,con_denominador
NoAptos2024ExtraordinarioI.pdf,2024,extraordinario,,,16,data/raw/2024/NoAptos2024ExtraordinarioI.pdf,0,MS-OFFICE,,,0,0,0,0,vacio_para_regex
NoAptos2024ExtraordinarioII.pdf,2024,extraordinario,,,3,data/raw/2024/NoAptos2024ExtraordinarioII.pdf,1,MS-OFFICE,,,0,0,0,0,vacio_para_regex
NoAptos2024RS.pdf,2024,lista_aptos,,,2,data/raw/2024/NoAptos2024RS.pdf,0,MS-OFFICE,,,0,0,0,0,vacio_para_regex
NoAptos2024RS_1.pdf,2024,lista_aptos,,,3,data/raw/2024/NoAptos2024RS_1.pdf,0,MS-OFFICE,,,0,0,0,0,vacio_para_regex
REQ_2024_CCI.pdf,2024,convenio_cci,,,1,data/raw/2024/REQ_2024_CCI.pdf,1,DEVEXP,,,0,0,0,0,vacio_para_regex
RendimientoSuperior2024.pdf,2024,rendimiento_superior,EXAMEN EXTRAORDINARIO 2024 I - RENDIMIENTO SUPERIOR - AREQUIPA,09/07/2023,61,data/raw/2024/RendimientoSuperior2024.pdf,61,DEVEXP,INGRESO|NO INGRESO|NSP,Condición|Código|Nombre|Nota 01|Nota 02|Ord.|Total,1037,0,812,0,con_denominador
RendimientoSuperior2024_2.pdf,2024,rendimiento_superior,EXAMEN EXTRAORDINARIO 2024 I - RENDIMIENTO SUPERIOR - AREQUIPA,09/07/2023,54,data/raw/2024/RendimientoSuperior2024_2.pdf,54,DEVEXP,INGRESO|NO INGRESO|NSP,Condición|Código|Nombre|Nota 01|Nota 02|Ord.|Total,743,0,269,0,con_denominador
precatolica2024-I.pdf,2024,precatolica,PRECATOLICA 2024-I,14/08/2023,67,data/raw/2024/precatolica2024-I.pdf,67,DEVEXP,INGRESO|NC|NO INGRESO|NSP,Condición|Código|Nombre|Nota 01|Nota 02|Ord.|Total,4564,1594,2525,50,con_denominador
precatolica2024-II.pdf,2024,precatolica,PRECATOLICA 2024-II,03/12/2023,66,data/raw/2024/precatolica2024-II.pdf,66,DEVEXP,INGRESO|NC|NO INGRESO|NSP,Condición|Código|Nombre|Nota 01|Nota 02|Ord.|Total,3885,1349,2428,52,con_denominador
precatolica2024-III.pdf,2024,precatolica,PRECATOLICA 2024-III,11/02/2024,64,data/raw/2024/precatolica2024-III.pdf,64,DEVEXP,INGRESO|NO INGRESO|NSP,Condición|Código|Nombre|Nota 01|Nota 02|Ord.|Total,3427,0,2059,54,con_denominador
2025CCI-I.pdf,2025,convenio_cci,EXAMEN EXTRAORDINARIO 2025 I - CONVENIO DE COOPERACION INTERINSTITUCIONAL,26/05/2024,19,data/raw/2025/2025CCI-I.pdf,19,DEVEXP,INGRESO,Condición|Código|Nombre|Nota 01|Nota 02|Ord.|Total,162,0,60,0,solo_ingresantes
2025CCI-I_medicina.pdf,2025,convenio_cci,EXAMEN EXTRAORDINARIO 2025 I - CONVENIO DE COOPERACION INTERINSTITUCIONAL,26/05/2024,2,data/raw/2025/2025CCI-I_medicina.pdf,2,DEVEXP,INGRESO|NO INGRESO,Condición|Código|Nombre|Ord.|Total,58,0,97,0,con_denominador
Aptos2025CCI.pdf,2025,convenio_cci,,,2,data/raw/2025/Aptos2025CCI.pdf,0,MS-OFFICE,,,0,0,0,0,vacio_para_regex
Aptos2025RS.pdf,2025,lista_aptos,,,10,data/raw/2025/Aptos2025RS.pdf,0,MS-OFFICE,,,0,0,0,0,vacio_para_regex
Beca_Esperanza_2025.pdf,2025,beca,RESULTADOS EXAMEN DE ADMISION 2025 - BECA ESPERANZA JOVEN,24/03/2025,20,data/raw/2025/Beca_Esperanza_2025.pdf,20,DEVEXP,NC|NSP,Condición|Nombre|Ord.|Total,846,0,1884,0,puntajes_sin_condicion
DISTANCIA_E2025I.pdf,2025,distancia,PRIMER EXAMEN ESTUDIOS A DISTANCIA Y SEMIPRESENCIAL 2025 - ORDINARIO I,27/10/2024,15,data/raw/2025/DISTANCIA_E2025I.pdf,15,DEVEXP,INGRESO|NC|NO INGRESO|NSP,Condición|Código|Nombre|Nota 01|Nota 02|Ord.|Total,134,136,142,0,con_denominador
DISTANCIA_E2025II.pdf,2025,distancia,SEGUNDO EXAMEN ESTUDIOS A DISTANCIA Y SEMIPRESENCIAL 2025 - ORDINARIO II,26/01/2025,22,data/raw/2025/DISTANCIA_E2025II.pdf,22,DEVEXP,INGRESO|NC|NO INGRESO|NSP,Condición|Código|Nombre|Nota 01|Nota 02|Ord.|Total,229,244,279,0,con_denominador
DISTANCIA_E2025III.pdf,2025,distancia,TERCER EXAMEN ESTUDIOS A DISTANCIA Y SEMIPRESENCIAL 2025 - ORDINARIO III,23/03/2025,16,data/raw/2025/DISTANCIA_E2025III.pdf,16,DEVEXP,INGRESO|NO INGRESO|NSP,Condición|Nombre|Ord.|Total,227,0,246,0,con_denominador
DISTANCIA_E2025III_EXTRA.pdf,2025,distancia,TERCER EXAMEN ESTUDIOS A DISTANCIA Y SEMIPRESENCIAL 2025 - TRASLADO EXTERNO NACIONAL III,23/03/2025,9,data/raw/2025/DISTANCIA_E2025III_EXTRA.pdf,9,DEVEXP,INGRESO|NO INGRESO|NSP,Condición|Nombre|Nota 01|Nota 02|Ord.|Total,47,0,22,0,con_denominador
EG2025I.pdf,2025,ordinario,PRIMER EXAMEN ORDINARIO 2025,25/08/2024,64,data/raw/2025/EG2025I.pdf,64,DEVEXP,INGRESO|NO INGRESO|NSP,Condición|Código|Nombre|Nota 01|Nota 02|Ord.|Total,4683,0,2189,52,con_denominador
EG2025II.pdf,2025,ordinario,SEGUNDO EXAMEN ORDINARIO 2025,15/12/2024,59,data/raw/2025/EG2025II.pdf,59,DEVEXP,INGRESO|NO INGRESO|NSP,Condición|Código|Nombre|Nota 01|Nota 02|Ord.|Total,3664,0,1651,52,con_denominador
EG2025III.pdf,2025,ordinario,TERCER EXAMEN ORDINARIO 2025,16/02/2025,32,data/raw/2025/EG2025III.pdf,32,DEVEXP,INGRESO,Condición|Nombre|Nota 01|Nota 02|Ord.|Total,2589,0,661,27,solo_ingresantes
ExpRechazados2025CCI.pdf,2025,convenio_cci,,,1,data/raw/2025/ExpRechazados2025CCI.pdf,0,MS-OFFICE,,,0,0,0,0,vacio_para_regex
Extraordinario2025I.pdf,2025,extraordinario,,,65,data/raw/2025/Extraordinario2025I.pdf,0,MS-OFFICE,,,0,0,0,0,vacio_para_regex
Extraordinario2025II.pdf,2025,traslado,EXAMEN EXTRAORDINARIO 2025 II - TRASLADO EXTERNO NACIONAL II,03/08/2025,28,data/raw/2025/Extraordinario2025II.pdf,28,DEVEXP,INGRESO,Condición|Nombre|Ord.|Total,90,0,57,0,solo_ingresantes
NoAptos2025RS.pdf,2025,lista_aptos,,,2,data/raw/2025/NoAptos2025RS.pdf,1,MS-OFFICE,,,0,0,0,0,vacio_para_regex
RendimientoSuperior2025.pdf,2025,rendimiento_superior,EXAMEN EXTRAORDINARIO 2025 I - RENDIMIENTO SUPERIOR - AREQUIPA,14/07/2024,63,data/raw/2025/RendimientoSuperior2025.pdf,63,DEVEXP,INGRESO|NO INGRESO|NSP,Condición|Código|Nombre|Nota 01|Nota 02|Ord.|Total,1150,0,784,0,con_denominador
precatolica2025-I.pdf,2025,precatolica,PRECATOLICA 2025-I,07/07/2024,63,data/raw/2025/precatolica2025-I.pdf,63,DEVEXP,NSP,Código|Nombre|Ord.,1136,0,1062,0,puntajes_sin_condicion
precatolica2025-III.pdf,2025,precatolica,PRIMER EXAMEN DE SELECCION PRECATOLICA 2025-III,19/01/2025,58,data/raw/2025/precatolica2025-III.pdf,58,DEVEXP,NSP,Código|Nombre|Ord.,876,0,807,0,puntajes_sin_condicion
precatolica2025-III_final3.pdf,2025,precatolica,SEGUNDO EXAMEN DE SELECCION PRECATOLICA 2025-III,09/02/2025,59,data/raw/2025/precatolica2025-III_final3.pdf,59,DEVEXP,INGRESO|NO INGRESO|NSP,Condición|Código|Nombre|Nota 01|Nota 02|Ord.|Total,3593,0,1286,52,con_denominador
precatolica2025-IIfinal.pdf,2025,precatolica,PRECATOLICA 2025-II,08/12/2024,61,data/raw/2025/precatolica2025-IIfinal.pdf,61,DEVEXP,INGRESO|NO INGRESO|NSP,Condición|Código|Nombre|Nota 01|Nota 02|Ord.|Total,4401,0,1728,50,con_denominador
precatolica2025-Ifinal.pdf,2025,precatolica,PRECATOLICA 2025-I,18/08/2024,63,data/raw/2025/precatolica2025-Ifinal.pdf,63,DEVEXP,INGRESO|NO INGRESO|NSP,Condición|Código|Nombre|Nota 01|Nota 02|Ord.|Total,4580,0,1788,52,con_denominador
2026CCI-I.pdf,2026,convenio_cci,EXAMEN EXTRAORDINARIO 2026 I - CONVENIO DE COOPERACION INTERINSTITUCIONAL,27/04/2025,21,data/raw/2026/2026CCI-I.pdf,21,DEVEXP,NO INGRESO,Condición|Nombre|Nota 01|Nota 02|Ord.|Total,318,0,107,0,con_denominador
2026CCI-I_medicina.pdf,2026,convenio_cci,EXAMEN EXTRAORDINARIO 2026 I - CONVENIO DE COOPERACION INTERINSTITUCIONAL,27/04/2025,2,data/raw/2026/2026CCI-I_medicina.pdf,2,DEVEXP,NO INGRESO|NSP,Condición|Nombre|Ord.|Total,67,0,121,0,con_denominador
Aptos2026CCI.pdf,2026,convenio_cci,,,6,data/raw/2026/Aptos2026CCI.pdf,0,MS-OFFICE,,,0,0,0,0,vacio_para_regex
Aptos2026RS.pdf,2026,lista_aptos,,,12,data/raw/2026/Aptos2026RS.pdf,0,MS-OFFICE,,,0,0,0,0,vacio_para_regex
DISTANCIA_E2026I.pdf,2026,distancia,PRIMER EXAMEN ESTUDIOS A DISTANCIA Y SEMIPRESENCIAL 2026 - ORDINARIO I,02/11/2025,26,data/raw/2026/DISTANCIA_E2026I.pdf,26,DEVEXP,INGRESO|NO INGRESO|NSP,Condición|Nombre|Ord.|Total,119,0,110,0,con_denominador
EDYS2026OII.pdf,2026,distancia,SEGUNDO EXAMEN ESTUDIOS A DISTANCIA Y SEMIPRESENCIAL 2026 - ORDINARIO II,25/01/2026,30,data/raw/2026/EDYS2026OII.pdf,30,DEVEXP,INGRESO,Condición|Nombre|Ord.|Total,154,0,122,0,solo_ingresantes
EG2026I.pdf,2026,ordinario,PRIMER EXAMEN ORDINARIO 2026,24/08/2025,52,data/raw/2026/EG2026I.pdf,52,DEVEXP,INGRESO,Condición|Nombre|Ord.|Total,779,0,651,52,solo_ingresantes
EG2026II.pdf,2026,ordinario,SEGUNDO EXAMEN ORDINARIO 2026,21/12/2025,56,data/raw/2026/EG2026II.pdf,56,DEVEXP,INGRESO,Condición|Código|Nombre|Ord.|Total,1260,0,566,56,solo_ingresantes
Extraordinario2026I.pdf,2026,convenio_cci,EXAMEN EXTRAORDINARIO 2026 I - CONVENIO ANDRES BELLO,01/02/2026,65,data/raw/2026/Extraordinario2026I.pdf,65,DEVEXP,INGRESO,Condición|Nombre|Ord.|Total,227,0,226,0,solo_ingresantes
NoAptos2026RS.pdf,2026,lista_aptos,,,2,data/raw/2026/NoAptos2026RS.pdf,0,MS-OFFICE,,,0,0,0,0,vacio_para_regex
RESULT_BECA_ESPERANZA2026.pdf,2026,beca,RESULTADOS EXAMEN DE ADMISION 2026 - BECA ESPERANZA JOVEN,15/03/2026,4,data/raw/2026/RESULT_BECA_ESPERANZA2026.pdf,4,DEVEXP,,Condición|Nombre|Ord.|Total,180,0,217,0,puntajes_sin_condicion
RESULT_BECA_ESPERANZA_COMUNIDADES2026.pdf,2026,beca,RESULTADOS EXAMEN DE ADMISION 2026 - BECA ESPERANZA JOVEN - COMUNIDADES,15/03/2026,1,data/raw/2026/RESULT_BECA_ESPERANZA_COMUNIDADES2026.pdf,1,DEVEXP,,Condición|Nombre|Ord.|Total,20,0,29,0,puntajes_sin_condicion
RESULT_BECA_TISUR2026.pdf,2026,beca,RESULTADOS EXAMEN DE ADMISION 2026 - BECA TISUR,15/03/2026,1,data/raw/2026/RESULT_BECA_TISUR2026.pdf,1,DEVEXP,,Condición|Nombre|Ord.|Total,2,0,3,0,puntajes_sin_condicion
RESULT_EGEDS2026III.pdf,2026,distancia,TERCER EXAMEN ESTUDIOS A DISTANCIA Y SEMIPRESENCIAL 2026 - ORDINARIO III,15/03/2026,40,data/raw/2026/RESULT_EGEDS2026III.pdf,40,DEVEXP,INGRESO,Condición|Nombre|Ord.|Total,204,0,170,0,solo_ingresantes
RESULT_EXTRAORDINARIO_2026.pdf,2026,extraordinario,EXAMEN EXTRAORDINARIO ESPECIAL 2026 - PRIMEROS PUESTOS,05/07/2026,6,data/raw/2026/RESULT_EXTRAORDINARIO_2026.pdf,6,DEVEXP,INGRESO,Condición|Nombre|Ord.|Total,9,0,13,0,solo_ingresantes
RESULT_ORDINARIO_2026.pdf,2026,ordinario,SEGUNDO EXAMEN ORDINARIO ESPECIAL 2026 - EGRESADOS SECUNDARIA,05/07/2026,11,data/raw/2026/RESULT_ORDINARIO_2026.pdf,11,DEVEXP,INGRESO,Condición|Nombre|Ord.|Total,121,0,105,0,solo_ingresantes
RendimientoSuperior2026.pdf,2026,rendimiento_superior,EXAMEN EXTRAORDINARIO 2026 I - RENDIMIENTO SUPERIOR - AREQUIPA,06/07/2025,76,data/raw/2026/RendimientoSuperior2026.pdf,76,DEVEXP,NO INGRESO|NSP,Condición|Nombre|Ord.|Total,713,0,1073,0,con_denominador
Resul_PrecaIII.pdf,2026,precatolica,PRECATOLICA 2026-III,08/02/2026,55,data/raw/2026/Resul_PrecaIII.pdf,55,DEVEXP,INGRESO,Condición|Nombre|Ord.|Total,809,0,383,55,solo_ingresantes
Resultados_2026_IEOE.pdf,2026,ordinario,PRIMER EXAMEN ORDINARIO ESPECIAL 2026,19/04/2026,11,data/raw/2026/Resultados_2026_IEOE.pdf,11,DEVEXP,INGRESO,Condición|Nombre|Ord.|Total,105,0,75,11,solo_ingresantes
Resultados_2026_IIIORDINARIO.pdf,2026,ordinario,TERCER EXAMEN ORDINARIO 2026,15/02/2026,36,data/raw/2026/Resultados_2026_IIIORDINARIO.pdf,36,DEVEXP,INGRESO,Condición|Nombre|Ord.|Total,1000,0,753,28,solo_ingresantes
Resultados_Final_EO2026II.pdf,2026,traslado,EXAMEN EXTRAORDINARIO 2026 II - TRASLADO EXTERNO NACIONAL II,02/08/2026,33,data/raw/2026/Resultados_Final_EO2026II.pdf,33,DEVEXP,INGRESO,Condición|Nombre|Ord.|Total,44,0,56,0,solo_ingresantes
precatolica2026-I_final.pdf,2026,precatolica,PRECATOLICA 2026-I,03/08/2025,51,data/raw/2026/precatolica2026-I_final.pdf,51,DEVEXP,INGRESO,Condición|Nombre|Ord.|Total,937,0,438,51,solo_ingresantes
RESULT_2027_CCI.pdf,2027,convenio_cci,EXAMEN EXTRAORDINARIO 2027 I - CONVENIO DE COOPERACION INTERINSTITUCIONAL,26/04/2026,27,data/raw/2027/RESULT_2027_CCI.pdf,27,DEVEXP,,Condición|Nombre|Ord.|Total,199,0,197,0,puntajes_sin_condicion
RESULT_EXTRAORDINARIO_2027.pdf,2027,extraordinario,EXAMEN EXTRAORDINARIO ESPECIAL 2027 - DEPORTISTA DESTACADO I,05/07/2026,1,data/raw/2027/RESULT_EXTRAORDINARIO_2027.pdf,1,DEVEXP,INGRESO,Condición|Nombre|Ord.|Total,1,0,2,0,solo_ingresantes
RESULT_ORDINARIO_2027.pdf,2027,ordinario,PRIMER EXAMEN ORDINARIO ESPECIAL 2027 - PRIMERA POSTULACION,06/07/2026,27,data/raw/2027/RESULT_ORDINARIO_2027.pdf,27,DEVEXP,INGRESO,Condición|Nombre|Ord.|Total,212,0,201,0,solo_ingresantes
RESULT_RENDIMIENTO_SUP.pdf,2027,rendimiento_superior,EXAMEN EXTRAORDINARIO 2027 I - RENDIMIENTO SUPERIOR - AREQUIPA,06/07/2026,66,data/raw/2027/RESULT_RENDIMIENTO_SUP.pdf,66,DEVEXP,,Condición|Nombre|Ord.|Total,220,0,233,0,puntajes_sin_condicion
Resultados_Final_Preca2027-I.pdf,2027,precatolica,PRECATOLICA 2027-I,09/08/2026,53,data/raw/2027/Resultados_Final_Preca2027-I.pdf,53,DEVEXP,INGRESO,Condición|Nombre|Ord.|Total,833,0,411,53,solo_ingresantes
Resultados_Final_Primer_Exa_General2027.pdf,2027,ordinario,PRIMER EXAMEN ORDINARIO 2027,23/08/2026,56,data/raw/2027/Resultados_Final_Primer_Exa_General2027.pdf,56,DEVEXP,INGRESO,Condición|Nombre|Ord.|Total,731,0,622,56,solo_ingresantes
