archivo,ciclo,tipo,proceso,fecha_examen,familia,paginas,modalidad,condiciones,bytes,sha256,origen,ruta,estado
POSTULANTES_APTOS.pdf,,,,,,,,,0,,wayback,,404
POSTULANTES_NO_APTOS.pdf,,,,,,,,,0,,wayback,,404
Aptos2021ExtraordinarioI.pdf,2021,extraordinario,,,MS-OFFICE,16,,,781741,8f3e8954600cec2d,wayback,data/raw/2021/Aptos2021ExtraordinarioI.pdf,ok
Aptos2021ExtraordinarioII.pdf,2021,extraordinario,,,DEVEXP,5,,,683336,0a30467accec2929,wayback,data/raw/2021/Aptos2021ExtraordinarioII.pdf,ok
Aptos2021ExtraordinarioII_3.pdf,2021,extraordinario,,,DEVEXP,5,,,682848,4e95a167873e3cdc,wayback,data/raw/2021/Aptos2021ExtraordinarioII_3.pdf,ok
Aptos2021ExtraordinarioIold.pdf,2021,extraordinario,,,MS-OFFICE,16,,,607879,9d7ef4abc3447db4,wayback,data/raw/2021/Aptos2021ExtraordinarioIold.pdf,ok
EG2021IIIsalud.pdf,2021,otro,,,MS-OFFICE,8,,,463653,8da7e8f33098c90a,wayback,data/raw/2021/EG2021IIIsalud.pdf,ok
EG2021IIsalud.pdf,2021,otro,,,DEVEXP,4,,,348555,896cc9242560caea,wayback,data/raw/2021/EG2021IIsalud.pdf,ok
precatolica2021-Isalud.pdf,2021,precatolica,,,MS-OFFICE,3,,,459472,40645b0a10a13d28,wayback,data/raw/2021/precatolica2021-Isalud.pdf,ok
puntajes_EG2021I.pdf,2021,otro,,,MS-OFFICE,23,,,274478,d345c126c9f271a1,wayback,data/raw/2021/puntajes_EG2021I.pdf,ok
puntajes_EG2021III.pdf,2021,otro,,,MS-OFFICE,38,,,758431,75e13142aba5264d,wayback,data/raw/2021/puntajes_EG2021III.pdf,ok
EG2021III.pdf,2021,ordinario,TERCER EXAMEN GENERAL 2021,01/03/2021,DEVEXP,78,PRIMERA POSTULACION,INGRESO|NO INGRESO|NSP|NC,486939,f81d752adea90561,wayback,data/raw/2021/EG2021III.pdf,ok
PRONABEC2021.pdf,2021,beca,PRONABEC BECA-18 2021,01/03/2021,DEVEXP,34,,NSP|NC,190938,a4aed42f1d35486a,wayback,data/raw/2021/PRONABEC2021.pdf,ok
Extraordinario20212.pdf,2021,traslado,EXAMEN EXTRAORDINARIO 2021 II - TRASLADO EXTERNO NACIONAL II,08/08/2021,DEVEXP,35,,INGRESO|NSP|NC,138426,7eb74743c885afe2,wayback,data/raw/2021/Extraordinario20212.pdf,ok
2021COBERII.pdf,2021,convenio_cci,COBERTURA DE METAS SEGUNDO EXAMEN GENERAL 2021,11/02/2021,DEVEXP,10,PRIMERA POSTULACION,INGRESO|NSP|NC,87577,f36ad61988a84c6a,wayback,data/raw/2021/2021COBERII.pdf,ok
precatolica2021-II.pdf,2021,precatolica,PRECATOLICA 2021-II - AREQUIPA,13/12/2020,DEVEXP,116,PRIMERA POSTULACION,,368500,f49d00076ffd7ece,wayback,data/raw/2021/precatolica2021-II.pdf,ok
precatolica2021-I.pdf,2021,precatolica,PRECATOLICA 2021-I - AREQUIPA,18/08/2020,DEVEXP,121,PRIMERA POSTULACION,INGRESO|NC,361017,0dd0468dce76eef1,wayback,data/raw/2021/precatolica2021-I.pdf,ok
precatolica2021-III.pdf,2021,precatolica,PRECATOLICA 2021-III - AREQUIPA,20/02/2021,DEVEXP,124,PRIMERA POSTULACION,INGRESO|NSP|NC,380806,32d1963ea11142c5,wayback,data/raw/2021/precatolica2021-III.pdf,ok
EG2021II.pdf,2021,ordinario,SEGUNDO EXAMEN GENERAL 2021,21/12/2020,DEVEXP,70,PRIMERA POSTULACION,INGRESO|NO INGRESO|NSP|NC,365984,1613550b5fa868c6,wayback,data/raw/2021/EG2021II.pdf,ok
Extraordinario20211.pdf,2021,extraordinario,EXAMEN EXTRAORDINARIO 2021 I - DEPORTISTAS DESTACADOS,22/02/2021,DEVEXP,89,,INGRESO|NSP|NC,280176,a2f1c19385d6da0e,wayback,data/raw/2021/Extraordinario20211.pdf,ok
TercioSuperior2021.pdf,2021,tercio_superior,CONCURSO DE ADMISION 2021 - TERCIO SUPERIOR - AREQUIPA,22/08/2020,DEVEXP,45,,INGRESO|NC,172607,4db804cb5b8a4fd7,wayback,data/raw/2021/TercioSuperior2021.pdf,ok
Extraordinario20212final.pdf,2021,traslado,EXAMEN EXTRAORDINARIO 2021 II - TRASLADO EXTERNO NACIONAL II,24/08/2021,DEVEXP,35,,INGRESO|NSP|NC,132492,758587501534ca92,wayback,data/raw/2021/Extraordinario20212final.pdf,ok
EG2021I.pdf,2021,ordinario,PRIMER EXAMEN GENERAL 2021 - PRIMERA POSTULACION,31/08/2020,DEVEXP,67,,INGRESO|NO INGRESO|NC,328235,0093a02b749b0449,wayback,data/raw/2021/EG2021I.pdf,ok
2022CCI-I.pdf,2022,convenio_cci,,,DEVEXP,1,,,440252,7160fc2490f8dfae,wayback,data/raw/2022/2022CCI-I.pdf,ok
Aptos2022CCI.pdf,2022,convenio_cci,,,MS-OFFICE,1,,,446304,dbe86c738d9998c2,wayback,data/raw/2022/Aptos2022CCI.pdf,ok
Aptos2022ExtraordinarioI.pdf,2022,extraordinario,,,MS-OFFICE,8,,,467287,f1bda680692eb688,wayback,data/raw/2022/Aptos2022ExtraordinarioI.pdf,ok
Aptos2022ExtraordinarioII.pdf,2022,extraordinario,,,DEVEXP,4,,,517914,984596974b500e82,wayback,data/raw/2022/Aptos2022ExtraordinarioII.pdf,ok
Aptos2022TS.pdf,2022,lista_aptos,,,DEVEXP,8,,,726809,bb609e05320d032d,wayback,data/raw/2022/Aptos2022TS.pdf,ok
EG2022IIIsalud.pdf,2022,otro,,,MS-OFFICE,7,,,202636,b48663aeb62970b1,wayback,data/raw/2022/EG2022IIIsalud.pdf,ok
EG2022IIsalud.pdf,2022,otro,,,MS-OFFICE,6,,,348310,aaab4e0b65711b33,wayback,data/raw/2022/EG2022IIsalud.pdf,ok
EG2022Isalud.pdf,2022,otro,,,MS-OFFICE,4,,,482067,2450b32d2ec7dbeb,wayback,data/raw/2022/EG2022Isalud.pdf,ok
Extraordinario20221.pdf,2022,extraordinario,,,MS-OFFICE,78,,,689086,db176a852fa86838,wayback,data/raw/2022/Extraordinario20221.pdf,ok
NoAptos2022ExtraordinarioI.pdf,2022,extraordinario,,,MS-OFFICE,23,,,268314,b3943ca10900031b,wayback,data/raw/2022/NoAptos2022ExtraordinarioI.pdf,ok
Rechazados2022ExtraordinarioI.pdf,2022,extraordinario,,,MS-OFFICE,3,,,134384,9ebe73d469481dce,wayback,data/raw/2022/Rechazados2022ExtraordinarioI.pdf,ok
TercioSuperior2022final.pdf,2022,otro,,,MS-OFFICE,3,,,492215,726cf330258dd4fb,wayback,data/raw/2022/TercioSuperior2022final.pdf,ok
indicacionespromedioEG2022II.pdf,2022,otro,,,DEVEXP,1,,,279994,62ffbacadc2e15a7,wayback,data/raw/2022/indicacionespromedioEG2022II.pdf,ok
precatolica2022-IIIsalud.pdf,2022,precatolica,,,MS-OFFICE,5,,,155350,891f46a737868410,wayback,data/raw/2022/precatolica2022-IIIsalud.pdf,ok
precatolica2022-IIsalud.pdf,2022,precatolica,,,MS-OFFICE,5,,,290574,490bb53cee4d7029,wayback,data/raw/2022/precatolica2022-IIsalud.pdf,ok
precatolica2022-Isalud.pdf,2022,precatolica,,,MS-OFFICE,3,,,500142,54bc2196f63dbe1c,wayback,data/raw/2022/precatolica2022-Isalud.pdf,ok
precatolica2022-Ifinal.pdf,2022,precatolica,PRECATOLICA 2022-I - AREQUIPA,02/09/2021,DEVEXP,101,PRIMERA POSTULACION,INGRESO|NSP|NC,295072,afb023100bc3b3ef,wayback,data/raw/2022/precatolica2022-Ifinal.pdf,ok
Extraordinario20222.pdf,2022,traslado,EXAMEN EXTRAORDINARIO 2022 II - TRASLADO EXTERNO NACIONAL II,07/08/2022,DEVEXP,35,,INGRESO|NSP|NC,140647,766b76b2248a1f24,wayback,data/raw/2022/Extraordinario20222.pdf,ok
EG2022Ifinal.pdf,2022,ordinario,PRIMER EXAMEN ORDINARIO 2022,07/09/2021,DEVEXP,56,PRIMERA POSTULACION,INGRESO|NSP|NC,263754,47a51a2b04348f89,wayback,data/raw/2022/EG2022Ifinal.pdf,ok
precatolica2022-I.pdf,2022,precatolica,PRECATOLICA 2022-I - AREQUIPA,08/08/2021,DEVEXP,111,PRIMERA POSTULACION,INGRESO|NO INGRESO|NSP|NC,392008,1ae683c1d96c5c31,wayback,data/raw/2022/precatolica2022-I.pdf,ok
Nivelacion2022.pdf,2022,complementario,,09/03/2022,DEVEXP,26,NIVELACION 2022,INGRESO|NO INGRESO|NSP|NC,123361,781cdcee41a32882,wayback,data/raw/2022/Nivelacion2022.pdf,ok
precatolica2022-II.pdf,2022,precatolica,PRECATOLICA 2022-II - AREQUIPA,13/12/2021,DEVEXP,109,PRIMERA POSTULACION,INGRESO|NO INGRESO|NSP|NC,403121,8231eed596381e4b,wayback,data/raw/2022/precatolica2022-II.pdf,ok
EG2022II.pdf,2022,ordinario,SEGUNDO EXAMEN ORDINARIO 2022,19/12/2021,DEVEXP,71,PRIMERA POSTULACION,INGRESO|NSP|NC,402515,bda514527e432b8c,wayback,data/raw/2022/EG2022II.pdf,ok
precatolica2022-III.pdf,2022,precatolica,PRECATOLICA 2022-III - AREQUIPA,20/02/2022,DEVEXP,102,PRIMERA POSTULACION,,375657,ed3f2e0964f63cd1,wayback,data/raw/2022/precatolica2022-III.pdf,ok
TercioSuperior2022.pdf,2022,tercio_superior,CONCURSO DE ADMISION 2022 - TERCIO SUPERIOR - AREQUIPA,27/06/2021,DEVEXP,55,,INGRESO|NO INGRESO|NSP|NC,221722,f0724ae56c29b990,wayback,data/raw/2022/TercioSuperior2022.pdf,ok
EG2022III.pdf,2022,ordinario,TERCER EXAMEN ORDINARIO 2022,28/02/2022,DEVEXP,76,PRIMERA POSTULACION,INGRESO|NO INGRESO|NSP|NC,492751,3afeddf649589b46,wayback,data/raw/2022/EG2022III.pdf,ok
PRONABEC2022.pdf,2022,beca,,28/02/2022,DEVEXP,22,PRONABEC 2022,NSP|NC,122018,a399c6f66efab7d7,wayback,data/raw/2022/PRONABEC2022.pdf,ok
EG2022I.pdf,2022,ordinario,PRIMER EXAMEN GENERAL 2022,30/08/2021,DEVEXP,70,PRIMERA POSTULACION,INGRESO|NO INGRESO|NSP|NC,399548,16d84ff2be053978,wayback,data/raw/2022/EG2022I.pdf,ok
2023CCI-I.pdf,2023,convenio_cci,,,MS-OFFICE,2,,,99753,aa5a795d1587bad0,wayback,data/raw/2023/2023CCI-I.pdf,ok
Aptos2023ExtraordinarioI.pdf,2023,extraordinario,,,MS-OFFICE,9,,,454219,23ee5ff0a73afdf7,wayback,data/raw/2023/Aptos2023ExtraordinarioI.pdf,ok
Aptos2023ExtraordinarioII.pdf,2023,extraordinario,,,DEVEXP,2,,,230868,500a3047cff449eb,wayback,data/raw/2023/Aptos2023ExtraordinarioII.pdf,ok
Aptos2023TS.pdf,2023,lista_aptos,,,DEVEXP,7,,,629931,71b26d6d592784aa,wayback,data/raw/2023/Aptos2023TS.pdf,ok
EG2023IIIsalud.pdf,2023,otro,,,MS-OFFICE,5,,,255672,95830a2769737653,wayback,data/raw/2023/EG2023IIIsalud.pdf,ok
EG2023IIsalud.pdf,2023,otro,,,MS-OFFICE,3,,,214540,2a6b302613517d7b,wayback,data/raw/2023/EG2023IIsalud.pdf,ok
EG2023Isalud.pdf,2023,otro,,,MS-OFFICE,4,,,166183,3677502c2cf88cbb,wayback,data/raw/2023/EG2023Isalud.pdf,ok
NoAptos2023ExtraordinarioI.pdf,2023,extraordinario,,,MS-OFFICE,13,,,191453,4816f7dfc9b6b70b,wayback,data/raw/2023/NoAptos2023ExtraordinarioI.pdf,ok
NoAptos2023ExtraordinarioII.pdf,2023,extraordinario,,,MS-OFFICE,3,,,138828,afff4d5a223f2ce5,wayback,data/raw/2023/NoAptos2023ExtraordinarioII.pdf,ok
precatolica2023-IIIsalud.pdf,2023,precatolica,,,MS-OFFICE,3,,,206178,f4969e263c31183b,wayback,data/raw/2023/precatolica2023-IIIsalud.pdf,ok
precatolica2023-IIsalud.pdf,2023,precatolica,,,MS-OFFICE,4,,,507613,b58e209808f9ec88,wayback,data/raw/2023/precatolica2023-IIsalud.pdf,ok
precatolica2023-Isalud.pdf,2023,precatolica,,,MS-OFFICE,4,,,322057,0b7fd96cb9ecffbd,wayback,data/raw/2023/precatolica2023-Isalud.pdf,ok
TercioSuperior2023.pdf,2023,tercio_superior,CONCURSO DE ADMISION 2023 - TERCIO SUPERIOR - AREQUIPA,03/07/2022,DEVEXP,58,,INGRESO|NO INGRESO|NSP|NC,228442,3fce2e1b1c569597,wayback,data/raw/2023/TercioSuperior2023.pdf,ok
precatolica2023-II.pdf,2023,precatolica,PRECATOLICA 2023-II - AREQUIPA,04/12/2022,DEVEXP,113,PRIMERA POSTULACION,INGRESO|NO INGRESO|NSP|NC,420971,40b0092f1b4819a3,wayback,data/raw/2023/precatolica2023-II.pdf,ok
Extraordinario20231.pdf,2023,extraordinario,EXAMEN EXTRAORDINARIO 2023 I - DEPORTISTAS DESTACADOS,05/02/2023,DEVEXP,90,,INGRESO|NSP|NC,272520,01bfcc58496d2d39,wayback,data/raw/2023/Extraordinario20231.pdf,ok
Extraordinario2023II.pdf,2023,traslado,EXAMEN EXTRAORDINARIO 2023 II - TRASLADO EXTERNO NACIONAL II,06/08/2023,DEVEXP,38,,INGRESO|NO INGRESO|NSP|NC,150937,17ad08e561a364cf,wayback,data/raw/2023/Extraordinario2023II.pdf,ok
precatolica2023-I.pdf,2023,precatolica,PRECATOLICA 2023-I - AREQUIPA,08/08/2022,DEVEXP,124,PRIMERA POSTULACION,INGRESO|NO INGRESO|NSP|NC,456820,8d615ecaeb3c5590,wayback,data/raw/2023/precatolica2023-I.pdf,ok
precatolica2023-III.pdf,2023,precatolica,PRECATOLICA 2023-III - AREQUIPA,12/02/2023,DEVEXP,103,PRIMERA POSTULACION,INGRESO|NO INGRESO|NSP|NC,405220,49c9effb04961b2f,wayback,data/raw/2023/precatolica2023-III.pdf,ok
DISTANCIA_E2023I.pdf,2023,distancia,PRIMER EXAMEN ESTUDIOS A DISTANCIA Y SEMIPRESENCIAL 2023 - ORDINARIO I,13/11/2022,DEVEXP,33,,INGRESO|NC,181057,dc60905c13ced497,wayback,data/raw/2023/DISTANCIA_E2023I.pdf,ok
EG2023II.pdf,2023,ordinario,SEGUNDO EXAMEN ORDINARIO 2023,19/12/2022,DEVEXP,69,PRIMERA POSTULACION,INGRESO|NO INGRESO|NSP|NC,427840,7615e1c19c0cca18,wayback,data/raw/2023/EG2023II.pdf,ok
EG2023III.pdf,2023,ordinario,TERCER EXAMEN ORDINARIO 2023,20/02/2023,DEVEXP,73,PRIMERA POSTULACION,INGRESO|NO INGRESO|NSP|NC,487835,a86e6fe91710a675,wayback,data/raw/2023/EG2023III.pdf,ok
PRONABEC2023.pdf,2023,beca,,20/02/2023,DEVEXP,27,PRONABEC 2023,NSP|NC,150624,e6cca7a9441f0593,wayback,data/raw/2023/PRONABEC2023.pdf,ok
DISTANCIA_E2023III.pdf,2023,distancia,TERCER EXAMEN ESTUDIOS A DISTANCIA Y SEMIPRESENCIAL 2023 - ORDINARIO III,20/03/2023,DEVEXP,67,INGR NO BENEF,INGRESO|NC,440324,e08491c1a2e1fe9b,wayback,data/raw/2023/DISTANCIA_E2023III.pdf,ok
DISTANCIA_E2023II.pdf,2023,distancia,SEGUNDO EXAMEN ESTUDIOS A DISTANCIA Y SEMIPRESENCIAL 2023 - ORDINARIO II,22/01/2023,DEVEXP,33,,INGRESO|NC,170361,8b968f7f7aacdf0d,wayback,data/raw/2023/DISTANCIA_E2023II.pdf,ok
EG2023I.pdf,2023,ordinario,PRIMER EXAMEN ORDINARIO 2023,29/08/2022,DEVEXP,76,PRIMERA POSTULACION,INGRESO|NO INGRESO|NSP|NC,499615,5de152f826ce6737,wayback,data/raw/2023/EG2023I.pdf,ok
Aptos2024CCI.pdf,2024,convenio_cci,,,MS-OFFICE,2,,,178634,6f99b16a5ec1ca78,wayback,data/raw/2024/Aptos2024CCI.pdf,ok
Aptos2024ExtraordinarioI.pdf,2024,extraordinario,,,MS-OFFICE,5,,,298247,2272e79b5e3c5e23,wayback,data/raw/2024/Aptos2024ExtraordinarioI.pdf,ok
Aptos2024ExtraordinarioII.pdf,2024,extraordinario,,,OTRO,2,,,443553,929180181d91f203,wayback,data/raw/2024/Aptos2024ExtraordinarioII.pdf,ok
Aptos2024RS.pdf,2024,lista_aptos,,,DEVEXP,9,,,521204,5c1f5b07730e5b1b,wayback,data/raw/2024/Aptos2024RS.pdf,ok
NoAptos2024ExtraordinarioI.pdf,2024,extraordinario,,,MS-OFFICE,16,,,452638,e871accb740b07cb,wayback,data/raw/2024/NoAptos2024ExtraordinarioI.pdf,ok
NoAptos2024ExtraordinarioII.pdf,2024,extraordinario,,,OTRO,3,,,457629,9320c11ceb8b81e1,wayback,data/raw/2024/NoAptos2024ExtraordinarioII.pdf,ok
NoAptos2024RS.pdf,2024,lista_aptos,,,MS-OFFICE,2,,,143511,c5eab86ed7e0d81b,wayback,data/raw/2024/NoAptos2024RS.pdf,ok
NoAptos2024RS_1.pdf,2024,lista_aptos,,,MS-OFFICE,3,,,197427,d7cccea3a733280e,wayback,data/raw/2024/NoAptos2024RS_1.pdf,ok
REQ_2024_CCI.pdf,2024,convenio_cci,,,DEVEXP,1,,,459086,2a09cde884ed5329,wayback,data/raw/2024/REQ_2024_CCI.pdf,ok
EComplementario2024.pdf,2024,complementario,EXAMEN COMPLEMENTARIO 2024,03/03/2024,DEVEXP,2,,INGRESO|NO INGRESO|NSP|NC,81249,dd214cfca5fd40a1,wayback,data/raw/2024/EComplementario2024.pdf,ok
Nivelacion2024.pdf,2024,complementario,Nota 02 : Examen,03/03/2024,DEVEXP,13,NIVELACION 2024,INGRESO|NSP|NC,93529,192915d4a3b73438,wayback,data/raw/2024/Nivelacion2024.pdf,ok
EG2024I.pdf,2024,ordinario,PRIMER EXAMEN ORDINARIO 2024,03/09/2023,DEVEXP,77,PRIMERA POSTULACION,INGRESO|NO INGRESO|NSP|NC,499791,a825cf306ce8cf3f,wayback,data/raw/2024/EG2024I.pdf,ok
precatolica2024-II.pdf,2024,precatolica,PRECATOLICA 2024-II,03/12/2023,DEVEXP,66,PRIMERA POSTULACION,INGRESO|NO INGRESO|NSP|NC,370303,14dd8a75161ab900,wayback,data/raw/2024/precatolica2024-II.pdf,ok
Extraordinario20241.pdf,2024,convenio_cci,EXAMEN EXTRAORDINARIO 2024 I - CONVENIO ANDRES BELLO,04/02/2024,DEVEXP,83,,INGRESO|NO INGRESO|NSP|NC,248029,556769cfb37fc800,wayback,data/raw/2024/Extraordinario20241.pdf,ok
Extraordinario2024II.pdf,2024,traslado,EXAMEN EXTRAORDINARIO 2024 II - TRASLADO EXTERNO NACIONAL II,04/08/2024,DEVEXP,31,,INGRESO|NSP|NC,128652,4efe1fb72a2fd34e,wayback,data/raw/2024/Extraordinario2024II.pdf,ok
RendimientoSuperior2024.pdf,2024,rendimiento_superior,EXAMEN EXTRAORDINARIO 2024 I - RENDIMIENTO SUPERIOR - AREQUIPA,09/07/2023,DEVEXP,61,,INGRESO|NO INGRESO|NC,315154,541f7fe30fbba7f0,wayback,data/raw/2024/RendimientoSuperior2024.pdf,ok
RendimientoSuperior2024_2.pdf,2024,rendimiento_superior,EXAMEN EXTRAORDINARIO 2024 I - RENDIMIENTO SUPERIOR - AREQUIPA,09/07/2023,DEVEXP,54,,INGRESO|NSP|NC,198194,435216ddc7bb739a,wayback,data/raw/2024/RendimientoSuperior2024_2.pdf,ok
precatolica2024-III.pdf,2024,precatolica,PRECATOLICA 2024-III,11/02/2024,DEVEXP,64,PRIMERA POSTULACION,INGRESO|NO INGRESO|NSP|NC,358118,e11b3b813c1500dc,wayback,data/raw/2024/precatolica2024-III.pdf,ok
precatolica2024-I.pdf,2024,precatolica,PRECATOLICA 2024-I,14/08/2023,DEVEXP,67,PRIMERA POSTULACION,INGRESO|NO INGRESO|NSP|NC,408586,068711feeaff0424,wayback,data/raw/2024/precatolica2024-I.pdf,ok
DISTANCIA_E2024I.pdf,2024,distancia,PRIMER EXAMEN ESTUDIOS A DISTANCIA Y SEMIPRESENCIAL 2024 - ORDINARIO I,15/10/2023,DEVEXP,24,,INGRESO|NO INGRESO|NSP|NC,138584,beab168112561948,wayback,data/raw/2024/DISTANCIA_E2024I.pdf,ok
EG2024II.pdf,2024,ordinario,SEGUNDO EXAMEN ORDINARIO 2024,17/12/2023,DEVEXP,66,PRIMERA POSTULACION,INGRESO|NO INGRESO|NSP|NC,399834,71ba799742fe23bd,wayback,data/raw/2024/EG2024II.pdf,ok
EG2024III.pdf,2024,ordinario,TERCER EXAMEN ORDINARIO 2024,18/02/2024,DEVEXP,76,PRIMERA POSTULACION,INGRESO|NO INGRESO|NSP|NC,502811,667c1840f45cb447,sondeo,data/raw/2024/EG2024III.pdf,ok
Beca_Esperanza_2024.pdf,2024,beca,RESULTADOS EXAMEN DE ADMISION 2024 - BECA ESPERANZA JOVEN,25/03/2024,DEVEXP,26,NO SELECCIONADO,NSP|NC,223846,985b84888cc984ec,wayback,data/raw/2024/Beca_Esperanza_2024.pdf,ok
DISTANCIA_E2024III.pdf,2024,distancia,TERCER EXAMEN ESTUDIOS A DISTANCIA Y SEMIPRESENCIAL 2024 - ORDINARIO III,25/03/2024,DEVEXP,28,,INGRESO|NO INGRESO|NSP|NC,144297,40dd73af8844d526,wayback,data/raw/2024/DISTANCIA_E2024III.pdf,ok
DISTANCIA_E2024II.pdf,2024,distancia,SEGUNDO EXAMEN ESTUDIOS A DISTANCIA Y SEMIPRESENCIAL 2024 - ORDINARIO II,28/01/2024,DEVEXP,22,,INGRESO|NO INGRESO|NSP|NC,135678,3922c8639ac7e2fa,wayback,data/raw/2024/DISTANCIA_E2024II.pdf,ok
2024CCI-I.pdf,2024,convenio_cci,EXAMEN EXTRAORDINARIO 2024 I - CONVENIO DE COOPERACION INTERINSTITUCIONAL,28/05/2023,DEVEXP,21,,INGRESO|NC,112045,2b82279ab1afe46d,wayback,data/raw/2024/2024CCI-I.pdf,ok
2024CCI-I_medicina.pdf,2024,convenio_cci,EXAMEN EXTRAORDINARIO 2024 I - CONVENIO DE COOPERACION INTERINSTITUCIONAL,28/05/2023,DEVEXP,2,NO INGRESO,INGRESO|NO INGRESO|NSP|NC,80342,2ca454c743d40de2,wayback,data/raw/2024/2024CCI-I_medicina.pdf,ok
Aptos2025CCI.pdf,2025,convenio_cci,,,MS-OFFICE,2,,,171427,b4ed86d31d012512,wayback,data/raw/2025/Aptos2025CCI.pdf,ok
Aptos2025RS.pdf,2025,lista_aptos,,,MS-OFFICE,10,,,515795,b41019c1b0b3d3ee,wayback,data/raw/2025/Aptos2025RS.pdf,ok
ExpRechazados2025CCI.pdf,2025,convenio_cci,,,MS-OFFICE,1,,,88908,4b1907f9cd7a8f45,wayback,data/raw/2025/ExpRechazados2025CCI.pdf,ok
Extraordinario2025I.pdf,2025,extraordinario,,,OTRO,65,,,1169593,9dbbc72b26a7c585,sondeo,data/raw/2025/Extraordinario2025I.pdf,ok
NoAptos2025RS.pdf,2025,lista_aptos,,,MS-OFFICE,2,,,139409,b99373a45c8d89bb,wayback,data/raw/2025/NoAptos2025RS.pdf,ok
Extraordinario2025II.pdf,2025,traslado,EXAMEN EXTRAORDINARIO 2025 II - TRASLADO EXTERNO NACIONAL II,03/08/2025,DEVEXP,28,,INGRESO|NSP|NC,117780,e820b85e627d74fd,sondeo,data/raw/2025/Extraordinario2025II.pdf,ok
precatolica2025-I.pdf,2025,precatolica,PRECATOLICA 2025-I,07/07/2024,DEVEXP,63,PRIMERA POSTULACION,NSP|NC,309433,bc3b2d954bd4c72b,wayback,data/raw/2025/precatolica2025-I.pdf,ok
precatolica2025-IIfinal.pdf,2025,precatolica,PRECATOLICA 2025-II,08/12/2024,DEVEXP,61,PRIMERA POSTULACION,INGRESO|NO INGRESO|NSP|NC,350721,ab6a8e427f3b507a,wayback,data/raw/2025/precatolica2025-IIfinal.pdf,ok
precatolica2025-III_final3.pdf,2025,precatolica,SEGUNDO EXAMEN DE SELECCION PRECATOLICA 2025-III,09/02/2025,DEVEXP,59,PRIMERA POSTULACION,INGRESO|NO INGRESO|NSP|NC,316919,5410add98c371255,wayback,data/raw/2025/precatolica2025-III_final3.pdf,ok
RendimientoSuperior2025.pdf,2025,rendimiento_superior,EXAMEN EXTRAORDINARIO 2025 I - RENDIMIENTO SUPERIOR - AREQUIPA,14/07/2024,DEVEXP,63,NO INGRESO,INGRESO|NO INGRESO|NC,320029,5a8d00d85f3e467a,wayback,data/raw/2025/RendimientoSuperior2025.pdf,ok
EG2025II.pdf,2025,ordinario,SEGUNDO EXAMEN ORDINARIO 2025,15/12/2024,DEVEXP,59,PRIMERA POSTULACION,INGRESO|NO INGRESO|NSP|NC,352448,2a3747cfb1aa5b65,wayback,data/raw/2025/EG2025II.pdf,ok
EG2025III.pdf,2025,ordinario,TERCER EXAMEN ORDINARIO 2025,16/02/2025,DEVEXP,32,,INGRESO|NSP|NC,246067,069e251948b3fbcf,sondeo,data/raw/2025/EG2025III.pdf,ok
precatolica2025-Ifinal.pdf,2025,precatolica,PRECATOLICA 2025-I,18/08/2024,DEVEXP,63,PRIMERA POSTULACION,INGRESO|NO INGRESO|NSP|NC,363779,51c50b5432281f26,wayback,data/raw/2025/precatolica2025-Ifinal.pdf,ok
precatolica2025-III.pdf,2025,precatolica,PRIMER EXAMEN DE SELECCION PRECATOLICA 2025-III,19/01/2025,DEVEXP,58,PRIMERA POSTULACION,NSP|NC,279048,760d15e3c3d5adb4,sondeo,data/raw/2025/precatolica2025-III.pdf,ok
DISTANCIA_E2025III.pdf,2025,distancia,TERCER EXAMEN ESTUDIOS A DISTANCIA Y SEMIPRESENCIAL 2025 - ORDINARIO III,23/03/2025,DEVEXP,16,,INGRESO|NO INGRESO|NSP|NC,124062,c7bd85dfb498b0d5,wayback,data/raw/2025/DISTANCIA_E2025III.pdf,ok
DISTANCIA_E2025III_EXTRA.pdf,2025,distancia,TERCER EXAMEN ESTUDIOS A DISTANCIA Y SEMIPRESENCIAL 2025 - TRASLADO EXTERNO NACIONAL III,23/03/2025,DEVEXP,9,,INGRESO|NSP|NC,85165,1048fe5ebd7b05fd,wayback,data/raw/2025/DISTANCIA_E2025III_EXTRA.pdf,ok
Beca_Esperanza_2025.pdf,2025,beca,RESULTADOS EXAMEN DE ADMISION 2025 - BECA ESPERANZA JOVEN,24/03/2025,DEVEXP,20,,NC,222428,7a1e8fbecddf90cb,wayback,data/raw/2025/Beca_Esperanza_2025.pdf,ok
EG2025I.pdf,2025,ordinario,PRIMER EXAMEN ORDINARIO 2025,25/08/2024,DEVEXP,64,PRIMERA POSTULACION,INGRESO|NO INGRESO|NSP|NC,408827,5d61e4859023f452,wayback,data/raw/2025/EG2025I.pdf,ok
DISTANCIA_E2025II.pdf,2025,distancia,SEGUNDO EXAMEN ESTUDIOS A DISTANCIA Y SEMIPRESENCIAL 2025 - ORDINARIO II,26/01/2025,DEVEXP,22,,INGRESO|NO INGRESO|NSP|NC,205759,d30d9bf7c52d125e,sondeo,data/raw/2025/DISTANCIA_E2025II.pdf,ok
2025CCI-I.pdf,2025,convenio_cci,EXAMEN EXTRAORDINARIO 2025 I - CONVENIO DE COOPERACION INTERINSTITUCIONAL,26/05/2024,DEVEXP,19,,INGRESO|NSP|NC,110224,a2bd94d3af60c135,wayback,data/raw/2025/2025CCI-I.pdf,ok
2025CCI-I_medicina.pdf,2025,convenio_cci,EXAMEN EXTRAORDINARIO 2025 I - CONVENIO DE COOPERACION INTERINSTITUCIONAL,26/05/2024,DEVEXP,2,NO INGRESO,INGRESO|NO INGRESO|NSP|NC,79832,a5da44ca87056e88,wayback,data/raw/2025/2025CCI-I_medicina.pdf,ok
DISTANCIA_E2025I.pdf,2025,distancia,PRIMER EXAMEN ESTUDIOS A DISTANCIA Y SEMIPRESENCIAL 2025 - ORDINARIO I,27/10/2024,DEVEXP,15,,INGRESO|NO INGRESO|NSP|NC,179240,5950877c916b1183,wayback,data/raw/2025/DISTANCIA_E2025I.pdf,ok
Aptos2026CCI.pdf,2026,convenio_cci,,,MS-OFFICE,6,,,175837,f1a420e24eb4c983,sondeo,data/raw/2026/Aptos2026CCI.pdf,ok
Aptos2026RS.pdf,2026,lista_aptos,,,MS-OFFICE,12,,,607185,cc5dee199449fabe,sondeo,data/raw/2026/Aptos2026RS.pdf,ok
NoAptos2026RS.pdf,2026,lista_aptos,,,MS-OFFICE,2,,,181544,2f1146bbed4dfda0,sondeo,data/raw/2026/NoAptos2026RS.pdf,ok
Extraordinario2026I.pdf,2026,convenio_cci,EXAMEN EXTRAORDINARIO 2026 I - CONVENIO ANDRES BELLO,01/02/2026,DEVEXP,65,,INGRESO|NSP|NC,196042,d8cdfe539743b445,sondeo,data/raw/2026/Extraordinario2026I.pdf,ok
Resultados_Final_EO2026II.pdf,2026,traslado,EXAMEN EXTRAORDINARIO 2026 II - TRASLADO EXTERNO NACIONAL II,02/08/2026,DEVEXP,33,,INGRESO|NSP|NC,169320,736456e248576597,web,data/raw/2026/Resultados_Final_EO2026II.pdf,ok
DISTANCIA_E2026I.pdf,2026,distancia,PRIMER EXAMEN ESTUDIOS A DISTANCIA Y SEMIPRESENCIAL 2026 - ORDINARIO I,02/11/2025,DEVEXP,26,,INGRESO|NSP|NC,125203,135e98a118cd62ed,sondeo,data/raw/2026/DISTANCIA_E2026I.pdf,ok
precatolica2026-I_final.pdf,2026,precatolica,PRECATOLICA 2026-I,03/08/2025,DEVEXP,51,PRIMERA POSTULACION,INGRESO|NSP|NC,213460,a92d56e3c7bb52fd,sondeo,data/raw/2026/precatolica2026-I_final.pdf,ok
RESULT_EXTRAORDINARIO_2026.pdf,2026,extraordinario,EXAMEN EXTRAORDINARIO ESPECIAL 2026 - PRIMEROS PUESTOS,05/07/2026,DEVEXP,6,,INGRESO|NSP|NC,127495,1c4b3584359e2053,web,data/raw/2026/RESULT_EXTRAORDINARIO_2026.pdf,ok
RESULT_ORDINARIO_2026.pdf,2026,ordinario,SEGUNDO EXAMEN ORDINARIO ESPECIAL 2026 - EGRESADOS SECUNDARIA,05/07/2026,DEVEXP,11,,INGRESO|NSP|NC,150771,3cb924d94d6f40e6,web,data/raw/2026/RESULT_ORDINARIO_2026.pdf,ok
RendimientoSuperior2026.pdf,2026,rendimiento_superior,EXAMEN EXTRAORDINARIO 2026 I - RENDIMIENTO SUPERIOR - AREQUIPA,06/07/2025,DEVEXP,76,NO INGRESO,INGRESO|NO INGRESO|NC,343503,13c57e7c76ee0cd7,sondeo,data/raw/2026/RendimientoSuperior2026.pdf,ok
Resul_PrecaIII.pdf,2026,precatolica,PRECATOLICA 2026-III,08/02/2026,DEVEXP,55,PRIMERA POSTULACION,INGRESO|NSP|NC,212712,ca00e73e510579e2,web,data/raw/2026/Resul_PrecaIII.pdf,ok
Resultados_2026_IIIORDINARIO.pdf,2026,ordinario,TERCER EXAMEN ORDINARIO 2026,15/02/2026,DEVEXP,36,INGRESO,INGRESO|NSP|NC,247206,976e536465865a4a,web,data/raw/2026/Resultados_2026_IIIORDINARIO.pdf,ok
RESULT_BECA_ESPERANZA2026.pdf,2026,beca,RESULTADOS EXAMEN DE ADMISION 2026 - BECA ESPERANZA JOVEN,15/03/2026,DEVEXP,4,,NC,99235,ff8b5611fda0f118,web,data/raw/2026/RESULT_BECA_ESPERANZA2026.pdf,ok
RESULT_BECA_ESPERANZA_COMUNIDADES2026.pdf,2026,beca,RESULTADOS EXAMEN DE ADMISION 2026 - BECA ESPERANZA JOVEN - COMUNIDADES,15/03/2026,DEVEXP,1,,NSP|NC,73519,7792318eac63c04b,web,data/raw/2026/RESULT_BECA_ESPERANZA_COMUNIDADES2026.pdf,ok
RESULT_BECA_TISUR2026.pdf,2026,beca,RESULTADOS EXAMEN DE ADMISION 2026 - BECA TISUR,15/03/2026,DEVEXP,1,,NSP|NC,68976,69bc3ff8de667f1f,web,data/raw/2026/RESULT_BECA_TISUR2026.pdf,ok
RESULT_EGEDS2026III.pdf,2026,distancia,TERCER EXAMEN ESTUDIOS A DISTANCIA Y SEMIPRESENCIAL 2026 - ORDINARIO III,15/03/2026,DEVEXP,40,,INGRESO|NSP|NC,157309,c1ed9288673fe1e6,web,data/raw/2026/RESULT_EGEDS2026III.pdf,ok
Resultados_2026_IEOE.pdf,2026,ordinario,PRIMER EXAMEN ORDINARIO ESPECIAL 2026,19/04/2026,DEVEXP,11,,INGRESO|NSP|NC,149045,6f6320c779fe87a5,web,data/raw/2026/Resultados_2026_IEOE.pdf,ok
EG2026II.pdf,2026,ordinario,SEGUNDO EXAMEN ORDINARIO 2026,21/12/2025,DEVEXP,56,PRIMERA POSTULACION,INGRESO|NSP|NC,254330,fdbe1adadc6a4d43,wayback,data/raw/2026/EG2026II.pdf,ok
EG2026I.pdf,2026,ordinario,PRIMER EXAMEN ORDINARIO 2026,24/08/2025,DEVEXP,52,PRIMERA POSTULACION,INGRESO|NSP|NC,248741,67d09b91aaaa89b4,sondeo,data/raw/2026/EG2026I.pdf,ok
EDYS2026OII.pdf,2026,distancia,SEGUNDO EXAMEN ESTUDIOS A DISTANCIA Y SEMIPRESENCIAL 2026 - ORDINARIO II,25/01/2026,DEVEXP,30,,INGRESO|NSP|NC,135316,99d6e765b3db5d66,web,data/raw/2026/EDYS2026OII.pdf,ok
2026CCI-I.pdf,2026,convenio_cci,EXAMEN EXTRAORDINARIO 2026 I - CONVENIO DE COOPERACION INTERINSTITUCIONAL,27/04/2025,DEVEXP,21,,NSP|NC,117142,8a373e6c9a2c21e0,sondeo,data/raw/2026/2026CCI-I.pdf,ok
2026CCI-I_medicina.pdf,2026,convenio_cci,EXAMEN EXTRAORDINARIO 2026 I - CONVENIO DE COOPERACION INTERINSTITUCIONAL,27/04/2025,DEVEXP,2,NO INGRESO,INGRESO|NO INGRESO|NSP|NC,80288,280f5d7423a8fe88,sondeo,data/raw/2026/2026CCI-I_medicina.pdf,ok
RESULT_EXTRAORDINARIO_2027.pdf,2027,extraordinario,EXAMEN EXTRAORDINARIO ESPECIAL 2027 - DEPORTISTA DESTACADO I,05/07/2026,DEVEXP,1,,INGRESO|NSP|NC,116936,88e8a6b0f1f3a6b9,web,data/raw/2027/RESULT_EXTRAORDINARIO_2027.pdf,ok
RESULT_ORDINARIO_2027.pdf,2027,ordinario,PRIMER EXAMEN ORDINARIO ESPECIAL 2027 - PRIMERA POSTULACION,06/07/2026,DEVEXP,27,,INGRESO|NSP|NC,184548,51c5a5de439fe48e,web,data/raw/2027/RESULT_ORDINARIO_2027.pdf,ok
RESULT_RENDIMIENTO_SUP.pdf,2027,rendimiento_superior,EXAMEN EXTRAORDINARIO 2027 I - RENDIMIENTO SUPERIOR - AREQUIPA,06/07/2026,DEVEXP,66,,NSP|NC,354959,e6c8fba8f6ea0e27,web,data/raw/2027/RESULT_RENDIMIENTO_SUP.pdf,ok
Resultados_Final_Preca2027-I.pdf,2027,precatolica,PRECATOLICA 2027-I,09/08/2026,DEVEXP,53,PRIMERA POSTULACION,INGRESO|NSP|NC,255145,36d2cf25719bd1c0,web,data/raw/2027/Resultados_Final_Preca2027-I.pdf,ok
Resultados_Final_Primer_Exa_General2027.pdf,2027,ordinario,PRIMER EXAMEN ORDINARIO 2027,23/08/2026,DEVEXP,56,PRIMERA POSTULACION,INGRESO|NSP|NC,293086,dd6b74b096bd5cab,sondeo,data/raw/2027/Resultados_Final_Primer_Exa_General2027.pdf,ok
RESULT_2027_CCI.pdf,2027,convenio_cci,EXAMEN EXTRAORDINARIO 2027 I - CONVENIO DE COOPERACION INTERINSTITUCIONAL,26/04/2026,DEVEXP,27,,NSP|NC,294564,00b80ce71ca001e3,web,data/raw/2027/RESULT_2027_CCI.pdf,ok
